"","Culture","State","P_ug_L","Plate","Well","Treatment_name","gr_chlA_mean","gr_PC_mean","gr_chlA_sd","gr_pc_sd","n_obs","gr_chlA_se","gr_pc_se","chlA_upper_cl","chlA_lower_cl","pc_upper_cl","pc_lower_cl","estimate","estimate1","estimate2","statistic","p.value","parameter","conf.low","conf.high","method","alternative","slope","growthrate_corrected","gr_pc_se_corrected"
"1","MUT_7806","Axenic",1.1,20,"E2","A_MUT_1P",0.036518148920498,0.345809553989452,0.182736403020551,0.201772519476199,5,0.0817222038235499,0.090235413908036,0.118240352744048,-0.0452040549030519,0.436044967897488,0.255574140081416,0.127844723661957,0.102956657451687,-0.0248880662102701,6.22232210552519,0.00765847533439487,2.41881821979774,0.0743675732945795,Inf,"Welch Two Sample t-test","greater",0.102956657451687,0.345809553989452,0.090235413908036
"2","MUT_7806","Axenic",1.1,22,"D7","A_MUT_1P",0.0441640375380216,0.367345768032868,0.294999777704227,0.396410004194397,5,0.131927911258796,0.17727994326793,0.176091948796817,-0.0877638737207739,0.544625711300798,0.190065824764939,0.127844723661957,0.102956657451687,-0.0248880662102701,6.22232210552519,0.00765847533439487,2.41881821979774,0.0743675732945795,Inf,"Welch Two Sample t-test","greater",0.102956657451687,0.367345768032868,0.17727994326793
"3","MUT_7806","Axenic",1.1,28,"C5","A_MUT_1P",-0.0953577982700261,0.399041193830425,0.156519858273419,0.146801106792732,5,0.0699978085855996,0.065651450792151,-0.0253599896844265,-0.165355606855626,0.464692644622576,0.333389743038274,0.127844723661957,0.102956657451687,-0.0248880662102701,6.22232210552519,0.00765847533439487,2.41881821979774,0.0743675732945795,Inf,"Welch Two Sample t-test","greater",0.102956657451687,0.399041193830425,0.065651450792151
"4","MUT_7806","Axenic",9.6,21,"D3","A_MUT_10P",0.285152490201892,0.732767168268125,0.118849113065441,0.271287068694521,5,0.0531509391759771,0.121323265403521,0.338303429377869,0.232001551025915,0.854090433671646,0.611443902864604,0.365618874817989,0.340730808607719,-0.0248880662102701,32.46931566415,2.26562545986539e-06,4.0704665715951,0.341732243222069,Inf,"Welch Two Sample t-test","greater",0.340730808607719,0.732767168268125,0.121323265403521
"5","MUT_7806","Axenic",9.6,23,"C4","A_MUT_10P",0.262961317665766,0.760536115034627,0.408554004183055,0.47061692980351,5,0.182710905166609,0.210466289280579,0.445672222832376,0.0802504124991574,0.971002404315206,0.550069825754047,0.365618874817989,0.340730808607719,-0.0248880662102701,32.46931566415,2.26562545986539e-06,4.0704665715951,0.341732243222069,Inf,"Welch Two Sample t-test","greater",0.340730808607719,0.760536115034627,0.210466289280579
"6","MUT_7806","Axenic",9.6,27,"B6","A_MUT_10P",0.173604216135253,0.596134901142022,0.30291665288487,0.106455859752651,5,0.135468445473455,0.0476085078020223,0.309072661608708,0.0381357706617975,0.643743408944044,0.548526393339999,0.365618874817989,0.340730808607719,-0.0248880662102701,32.46931566415,2.26562545986539e-06,4.0704665715951,0.341732243222069,Inf,"Welch Two Sample t-test","greater",0.340730808607719,0.596134901142022,0.0476085078020223
"7","MUT_7806","Axenic",18.7,20,"E5","A_MUT_19P",0.363937546258557,0.630765374287658,0.330903752628973,0.216448920217425,5,0.147984656977632,0.0967988998525183,0.511922203236189,0.215952889280925,0.727564274140177,0.53396647443514,0.401894090045862,0.377006023835592,-0.0248880662102701,43.1368216543612,3.13348540892192e-09,6.20727230440951,0.383897696744283,Inf,"Welch Two Sample t-test","greater",0.377006023835592,0.630765374287658,0.0967988998525183
"8","MUT_7806","Axenic",18.7,23,"D6","A_MUT_19P",0.213972910338818,0.640149817921991,0.388401530309035,0.1049445019667,5,0.17369844486719,0.0469326080524802,0.387671355206008,0.0402744654716286,0.687082425974471,0.593217209869511,0.401894090045862,0.377006023835592,-0.0248880662102701,43.1368216543612,3.13348540892192e-09,6.20727230440951,0.383897696744283,Inf,"Welch Two Sample t-test","greater",0.377006023835592,0.640149817921991,0.0469326080524802
"9","MUT_7806","Axenic",18.7,24,"E2","A_MUT_19P",0.0425459487527222,0.555185524293917,0.272540291584465,0.11670339723158,5,0.121883723718096,0.0521913458829946,0.164429672470818,-0.0793377749653733,0.607376870176911,0.502994178410922,0.401894090045862,0.377006023835592,-0.0248880662102701,43.1368216543612,3.13348540892192e-09,6.20727230440951,0.383897696744283,Inf,"Welch Two Sample t-test","greater",0.377006023835592,0.555185524293917,0.0521913458829946
"10","MUT_7806","Axenic",47.6,20,"D7","A_MUT_48P",0.106659538249431,0.919571511512677,0.162484734081339,0.615899857713657,5,0.0726653821423704,0.275438789836037,0.179324920391801,0.0339941561070601,1.19501030134871,0.64413272167664,0.395482266146065,0.370594199935795,-0.0248880662102701,10.0033952985522,0.00416098380752309,2.10192021015063,0.283769468014901,Inf,"Welch Two Sample t-test","greater",0.370594199935795,0.919571511512677,0.275438789836037
"11","MUT_7806","Axenic",47.6,23,"E2","A_MUT_48P",0.25133397283956,0.610558124146555,0.229387761289071,0.194975504594851,5,0.102585325489772,0.0871956964442817,0.353919298329331,0.148748647349788,0.697753820590836,0.523362427702273,0.395482266146065,0.370594199935795,-0.0248880662102701,10.0033952985522,0.00416098380752309,2.10192021015063,0.283769468014901,Inf,"Welch Two Sample t-test","greater",0.370594199935795,0.610558124146555,0.0871956964442817
"12","MUT_7806","Axenic",47.6,25,"C4","A_MUT_48P",0.276541628345392,0.693399051018586,0.222697123297772,0.385339241082673,5,0.0995931812174942,0.172328947491807,0.376134809562886,0.176948447127898,0.865727998510393,0.521070103526778,0.395482266146065,0.370594199935795,-0.0248880662102701,10.0033952985522,0.00416098380752309,2.10192021015063,0.283769468014901,Inf,"Welch Two Sample t-test","greater",0.370594199935795,0.693399051018586,0.172328947491807
"13","MUT_7806","Axenic",100,22,"B3","A_MUT_100P",0.274416547461047,0.779110975852943,0.139371220845775,0.208109205936873,5,0.0623287047836577,0.0930692662436701,0.336745252244705,0.212087842677389,0.872180242096613,0.686041709609273,0.457728955827298,0.432840889617028,-0.0248880662102701,45.9539900306919,2.7128125513708e-08,5.20343650844873,0.437829929122504,Inf,"Welch Two Sample t-test","greater",0.432840889617028,0.779110975852943,0.0930692662436701
"14","MUT_7806","Axenic",100,26,"C7","A_MUT_100P",0.263707354873675,0.68570650120348,0.245828028019669,0.167681289333833,5,0.10993763628534,0.0749893523010524,0.373644991159015,0.153769718588334,0.760695853504533,0.610717148902428,0.457728955827298,0.432840889617028,-0.0248880662102701,45.9539900306919,2.7128125513708e-08,5.20343650844873,0.437829929122504,Inf,"Welch Two Sample t-test","greater",0.432840889617028,0.68570650120348,0.0749893523010524
"15","MUT_7806","Axenic",100,27,"C5","A_MUT_100P",0.24904546705528,0.552786861680468,0.253582760319036,0.0857629864179809,5,0.11340565799908,0.0383543735167993,0.36245112505436,0.1356398090562,0.591141235197267,0.514432488163668,0.457728955827298,0.432840889617028,-0.0248880662102701,45.9539900306919,2.7128125513708e-08,5.20343650844873,0.437829929122504,Inf,"Welch Two Sample t-test","greater",0.432840889617028,0.552786861680468,0.0383543735167993
"16","MUT_7806","Axenic",171.1,21,"C6","A_MUT_171P",0.199429365287762,0.616746072395029,0.491726281270948,0.0982906877889308,5,0.219906678249004,0.0439569318902516,0.419336043536766,-0.0204773129612426,0.660703004285281,0.572789140504778,0.47870268098748,0.45381461477721,-0.0248880662102701,33.6516762417202,2.62092532078516e-05,3.03675252006769,0.44539008619183,Inf,"Welch Two Sample t-test","greater",0.45381461477721,0.616746072395029,0.0439569318902516
"17","MUT_7806","Axenic",171.1,24,"B5","A_MUT_171P",0.268057242103617,0.561410027335245,0.403486033003737,0.0938392353569154,5,0.180444439553616,0.0419661818429329,0.448501681657233,0.0876128025500006,0.603376209178178,0.519443845492312,0.47870268098748,0.45381461477721,-0.0248880662102701,33.6516762417202,2.62092532078516e-05,3.03675252006769,0.44539008619183,Inf,"Welch Two Sample t-test","greater",0.45381461477721,0.561410027335245,0.0419661818429329
"18","MUT_7806","Axenic",171.1,27,"D2","A_MUT_171P",0.230186626651583,0.676537333004941,0.256844326287962,0.166528836733028,5,0.114864274643004,0.074473959829803,0.345050901294587,0.115322352008579,0.751011292834744,0.602063373175138,0.47870268098748,0.45381461477721,-0.0248880662102701,33.6516762417202,2.62092532078516e-05,3.03675252006769,0.44539008619183,Inf,"Welch Two Sample t-test","greater",0.45381461477721,0.676537333004941,0.074473959829803
"19","MUT_7806","Axenic",309.5,22,"D5","A_MUT_310P",0.311593921711202,0.591453093918683,0.132931728839847,0.188425499573728,5,0.0594488764104934,0.0842664451482425,0.371042798121696,0.252145045300709,0.675719539066926,0.507186648770441,0.465493846336621,0.440605780126351,-0.0248880662102701,56.1293183426973,1.73271975112324e-13,9.39051020520071,0.450363065519705,Inf,"Welch Two Sample t-test","greater",0.440605780126351,0.591453093918683,0.0842664451482425
"20","MUT_7806","Axenic",309.5,25,"B7","A_MUT_310P",0.350161417935079,0.647316872073681,0.148337654910749,0.182411761958337,5,0.0663386160006682,0.0815770199268702,0.416500033935747,0.283822801934411,0.728893892000551,0.565739852146811,0.465493846336621,0.440605780126351,-0.0248880662102701,56.1293183426973,1.73271975112324e-13,9.39051020520071,0.450363065519705,Inf,"Welch Two Sample t-test","greater",0.440605780126351,0.647316872073681,0.0815770199268702
"21","MUT_7806","Axenic",309.5,26,"C3","A_MUT_310P",0.416341048713198,0.56783382947836,0.13373902864728,0.100923389340151,5,0.059809911860022,0.045134311816851,0.47615096057322,0.356531136853176,0.612968141295211,0.522699517661509,0.465493846336621,0.440605780126351,-0.0248880662102701,56.1293183426973,1.73271975112324e-13,9.39051020520071,0.450363065519705,Inf,"Welch Two Sample t-test","greater",0.440605780126351,0.56783382947836,0.045134311816851
"22","MUT_7806","Axenic",1551.6,24,"E7","A_MUT_1551P",0.231568683865839,0.503520756299405,0.302735991205841,0.143365014649359,5,0.135387651114408,0.0641147836702439,0.366956334980247,0.096181032751431,0.567635539969649,0.439405972629161,0.4589124821882,0.43402441597793,-0.0248880662102701,23.689341595023,0.000274992148383951,2.47998919622368,0.409148901433447,Inf,"Welch Two Sample t-test","greater",0.43402441597793,0.503520756299405,0.0641147836702439
"23","MUT_7806","Axenic",1551.6,26,"D4","A_MUT_1551P",0.256110563473752,0.7189398639002,0.180684287390013,0.27041893464908,5,0.0808044698140353,0.120935024055683,0.336915033287787,0.175306093659717,0.839874887955883,0.598004839844516,0.4589124821882,0.43402441597793,-0.0248880662102701,23.689341595023,0.000274992148383951,2.47998919622368,0.409148901433447,Inf,"Welch Two Sample t-test","greater",0.43402441597793,0.7189398639002,0.120935024055683
"24","MUT_7806","Axenic",1551.6,28,"D2","A_MUT_1551P",0.190189118457262,0.820087397161277,0.348098335235958,0.331251867703053,5,0.155674308088423,0.148140338771559,0.345863426545684,0.0345148103688394,0.968227735932836,0.671947058389719,0.4589124821882,0.43402441597793,-0.0248880662102701,23.689341595023,0.000274992148383951,2.47998919622368,0.409148901433447,Inf,"Welch Two Sample t-test","greater",0.43402441597793,0.820087397161277,0.148140338771559
"25","MUT_7806","Axenic",3030,21,"C4","A_MUT_3030P",0.365472439155617,0.615587871842225,0.087128736095681,0.141433051685543,5,0.0389651553407165,0.0632507835668233,0.404437594496333,0.3265072838149,0.678838655409048,0.552337088275402,0.451791784770539,0.426903718560269,-0.0248880662102701,71.4978322311596,2.04621739269024e-41,36.8253334007865,0.441129812951753,Inf,"Welch Two Sample t-test","greater",0.426903718560269,0.615587871842225,0.0632507835668233
"26","MUT_7806","Axenic",3030,25,"D2","A_MUT_3030P",0.246878502375497,0.63758519955692,0.289578959419855,0.148568120602405,5,0.12950364762329,0.0664416833912729,0.376382149998787,0.117374854752207,0.704026882948193,0.571143516165647,0.451791784770539,0.426903718560269,-0.0248880662102701,71.4978322311596,2.04621739269024e-41,36.8253334007865,0.441129812951753,Inf,"Welch Two Sample t-test","greater",0.426903718560269,0.63758519955692,0.0664416833912729
"27","MUT_7806","Axenic",3030,28,"B6","A_MUT_3030P",0.34401386854815,0.523170494843642,0.188374623412749,0.105547429267761,5,0.0842436926373661,0.047202245338613,0.428257561185516,0.259770175910783,0.570372740182255,0.475968249505029,0.451791784770539,0.426903718560269,-0.0248880662102701,71.4978322311596,2.04621739269024e-41,36.8253334007865,0.441129812951753,Inf,"Welch Two Sample t-test","greater",0.426903718560269,0.523170494843642,0.047202245338613
"28","MUT_7806","Xenic",1.1,20,"B3","X_MUT_1P",-0.0206522200169763,0.308106883140862,0.339204056351424,0.0634868834336578,5,0.15169666564909,0.0283921974074528,0.131044445632114,-0.172348885666067,0.336499080548315,0.279714685733409,0.126268050802483,0.101379984592212,-0.0248880662102701,9.43698203664283,0.000929307053138419,3.22728935187571,0.0956635707611007,Inf,"Welch Two Sample t-test","greater",0.101379984592212,0.308106883140862,0.0283921974074528
"29","MUT_7806","Xenic",1.1,22,"C7","X_MUT_1P",-0.175943927695555,0.209690344815903,0.287512402747515,0.0811936672817165,5,0.128579455383548,0.0363109118768837,-0.0473644723120064,-0.304523383079103,0.246001256692787,0.17337943293902,0.126268050802483,0.101379984592212,-0.0248880662102701,9.43698203664283,0.000929307053138419,3.22728935187571,0.0956635707611007,Inf,"Welch Two Sample t-test","greater",0.101379984592212,0.209690344815903,0.0363109118768837
"30","MUT_7806","Xenic",1.1,28,"D5","X_MUT_1P",0.109229803409261,0.319308457979587,0.19105978796866,0.11470289146152,5,0.0854445347329239,0.0512966925047479,0.194674338142185,0.0237852686763368,0.370605150484335,0.268011765474839,0.126268050802483,0.101379984592212,-0.0248880662102701,9.43698203664283,0.000929307053138419,3.22728935187571,0.0956635707611007,Inf,"Welch Two Sample t-test","greater",0.101379984592212,0.319308457979587,0.0512966925047479
"31","MUT_7806","Xenic",9.6,21,"E3","X_MUT_10P",0.256595571150693,0.488426984738875,0.131963218520668,0.12317307016139,5,0.0590157454283744,0.055084671575644,0.315611316579067,0.197579825722318,0.543511656314519,0.433342313163231,0.310977152944549,0.286089086734279,-0.0248880662102701,27.7415713448581,4.00141583641323e-06,4.10153226495077,0.287248564491942,Inf,"Welch Two Sample t-test","greater",0.286089086734279,0.488426984738875,0.055084671575644
"32","MUT_7806","Xenic",9.6,23,"D5","X_MUT_10P",0.0978499549540671,0.545343388079881,0.423740670284852,0.142595517696228,5,0.189502588717651,0.063770654171108,0.287352543671718,-0.0916526337635835,0.609114042250989,0.481572733908773,0.310977152944549,0.286089086734279,-0.0248880662102701,27.7415713448581,4.00141583641323e-06,4.10153226495077,0.287248564491942,Inf,"Welch Two Sample t-test","greater",0.286089086734279,0.545343388079881,0.063770654171108
"33","MUT_7806","Xenic",9.6,27,"C6","X_MUT_10P",0.191679572713273,0.535380424771663,0.0963525004613658,0.0825942128975683,5,0.0430901481667387,0.0369372549174105,0.234769720880011,0.148589424546534,0.572317679689073,0.498443169854252,0.310977152944549,0.286089086734279,-0.0248880662102701,27.7415713448581,4.00141583641323e-06,4.10153226495077,0.287248564491942,Inf,"Welch Two Sample t-test","greater",0.286089086734279,0.535380424771663,0.0369372549174105
"34","MUT_7806","Xenic",18.7,20,"B5","X_MUT_19P",0.176242918071551,0.708703335525108,0.273259759253012,0.400127295030933,5,0.122205479440992,0.178942366268456,0.298448397512543,0.0540374386305581,0.887645701793564,0.529760969256652,0.356569345229114,0.331681279018844,-0.0248880662102701,20.7110347476894,0.000270711321694038,2.63615819692301,0.313668275646689,Inf,"Welch Two Sample t-test","greater",0.331681279018844,0.708703335525108,0.178942366268456
"35","MUT_7806","Xenic",18.7,23,"B6","X_MUT_19P",0.223832827777562,0.456642067985859,0.10164499792229,0.111276829647081,5,0.045457024985413,0.0497645110823075,0.269289852762975,0.178375802792149,0.506406579068166,0.406877556903551,0.356569345229114,0.331681279018844,-0.0248880662102701,20.7110347476894,0.000270711321694038,2.63615819692301,0.313668275646689,Inf,"Welch Two Sample t-test","greater",0.331681279018844,0.456642067985859,0.0497645110823075
"36","MUT_7806","Xenic",18.7,24,"C2","X_MUT_19P",0.175934672008396,0.556796084710835,0.0975092014996861,0.188175898530394,5,0.0436074405970045,0.084154820168213,0.2195421126054,0.132327231411391,0.640950904879048,0.472641264542622,0.356569345229114,0.331681279018844,-0.0248880662102701,20.7110347476894,0.000270711321694038,2.63615819692301,0.313668275646689,Inf,"Welch Two Sample t-test","greater",0.331681279018844,0.556796084710835,0.084154820168213
"37","MUT_7806","Xenic",47.6,20,"E7","X_MUT_48P",0.258579544541577,0.639660437777496,0.227456048411239,0.177104130356857,5,0.101721437228203,0.0792033749147832,0.36030098176978,0.156858107313374,0.718863812692279,0.560457062862713,0.414883529363189,0.389995463152919,-0.0248880662102701,60.6082971114432,1.08249014183503e-31,28.1686796421915,0.403241118594367,Inf,"Welch Two Sample t-test","greater",0.389995463152919,0.639660437777496,0.0792033749147832
"38","MUT_7806","Xenic",47.6,23,"C3","X_MUT_48P",0.233642087640906,0.563445885453298,0.253319769906759,0.114333358363496,5,0.113288045111224,0.0511314322793242,0.34693013275213,0.120354042529682,0.614577317732622,0.512314453173973,0.414883529363189,0.389995463152919,-0.0248880662102701,60.6082971114432,1.08249014183503e-31,28.1686796421915,0.403241118594367,Inf,"Welch Two Sample t-test","greater",0.389995463152919,0.563445885453298,0.0511314322793242
"39","MUT_7806","Xenic",47.6,25,"D5","X_MUT_48P",0.186979768203391,0.651546685764483,0.235657304041809,0.228159902024538,5,0.105389150246364,0.102036210133312,0.292368918449755,0.0815906179570267,0.753582895897795,0.549510475631171,0.414883529363189,0.389995463152919,-0.0248880662102701,60.6082971114432,1.08249014183503e-31,28.1686796421915,0.403241118594367,Inf,"Welch Two Sample t-test","greater",0.389995463152919,0.651546685764483,0.102036210133312
"40","MUT_7806","Xenic",100,22,"D2","X_MUT_100P",0.246433929973204,0.551192917736683,0.242213649626531,0.0667657581171319,5,0.108321237128648,0.029858554743843,0.354755167101852,0.138112692844557,0.581051472480526,0.52133436299284,0.431735604109414,0.406847537899144,-0.0248880662102701,55.2494933294787,1.38986592060008e-16,12.4669098916565,0.417851623145059,Inf,"Welch Two Sample t-test","greater",0.406847537899144,0.551192917736683,0.029858554743843
"41","MUT_7806","Xenic",100,26,"D6","X_MUT_100P",0.317695144083376,0.59799885219131,0.213307402057602,0.144407774196731,5,0.0953939702209353,0.064581119916666,0.413089114304311,0.22230117386244,0.662579972107976,0.533417732274644,0.431735604109414,0.406847537899144,-0.0248880662102701,55.2494933294787,1.38986592060008e-16,12.4669098916565,0.417851623145059,Inf,"Welch Two Sample t-test","greater",0.406847537899144,0.59799885219131,0.064581119916666
"42","MUT_7806","Xenic",100,27,"D5","X_MUT_100P",0.175484031884831,0.635200868361262,0.167007001517235,0.190837175625126,5,0.0746878016221896,0.0853449794663693,0.250171833507021,0.100796230262642,0.720545847827631,0.549855888894893,0.431735604109414,0.406847537899144,-0.0248880662102701,55.2494933294787,1.38986592060008e-16,12.4669098916565,0.417851623145059,Inf,"Welch Two Sample t-test","greater",0.406847537899144,0.635200868361262,0.0853449794663693
"43","MUT_7806","Xenic",171.1,21,"D6","X_MUT_171P",0.312344171755941,0.518404541149786,0.231692664238799,0.0537147441762868,5,0.103616109425198,0.0240219638744376,0.415960281181138,0.208728062330743,0.542426505024224,0.494382577275348,0.456538471515105,0.431650405304835,-0.0248880662102701,29.0062401915308,7.47485092527738e-05,2.79551956827264,0.418367056004684,Inf,"Welch Two Sample t-test","greater",0.431650405304835,0.518404541149786,0.0240219638744376
"44","MUT_7806","Xenic",171.1,24,"C5","X_MUT_171P",0.372400312085338,0.548637487672156,0.0921439379490583,0.106341788545018,5,0.0412080217937234,0.0475574936071137,0.413608333879061,0.331192290291614,0.59619498127927,0.501079994065043,0.456538471515105,0.431650405304835,-0.0248880662102701,29.0062401915308,7.47485092527738e-05,2.79551956827264,0.418367056004684,Inf,"Welch Two Sample t-test","greater",0.431650405304835,0.548637487672156,0.0475574936071137
"45","MUT_7806","Xenic",171.1,27,"E2","X_MUT_171P",0.276283625348151,0.61733621642487,0.259901187717776,0.0823744856148914,5,0.116231344633976,0.0368389898892952,0.392514969982127,0.160052280714174,0.654175206314165,0.580497226535575,0.456538471515105,0.431650405304835,-0.0248880662102701,29.0062401915308,7.47485092527738e-05,2.79551956827264,0.418367056004684,Inf,"Welch Two Sample t-test","greater",0.431650405304835,0.61733621642487,0.0368389898892952
"46","MUT_7806","Xenic",309.5,22,"E5","X_MUT_310P",0.134388825716117,0.566753912519298,0.243163720714028,0.132187592698593,5,0.108746121835668,0.0591160886112217,0.243134947551786,0.0256427038804492,0.62587000113052,0.507637823908077,0.452898353293849,0.428010287083579,-0.0248880662102701,45.6080415547469,2.55687520603891e-08,5.24155162696729,0.433090368350559,Inf,"Welch Two Sample t-test","greater",0.428010287083579,0.566753912519298,0.0591160886112217
"47","MUT_7806","Xenic",309.5,25,"D7","X_MUT_310P",0.202962345594577,0.620778456973511,0.348925285923202,0.12085625988341,5,0.156044131678566,0.0540485625211371,0.359006477273143,0.0469182139160106,0.674827019494648,0.566729894452373,0.452898353293849,0.428010287083579,-0.0248880662102701,45.6080415547469,2.55687520603891e-08,5.24155162696729,0.433090368350559,Inf,"Welch Two Sample t-test","greater",0.428010287083579,0.620778456973511,0.0540485625211371
"48","MUT_7806","Xenic",309.5,26,"E2","X_MUT_310P",0.0721501441171669,0.686788615938986,0.199527561062787,0.187458047571871,5,0.0892314379842266,0.0838337874600184,0.161381582101393,-0.0170812938670597,0.770622403399004,0.602954828478967,0.452898353293849,0.428010287083579,-0.0248880662102701,45.6080415547469,2.55687520603891e-08,5.24155162696729,0.433090368350559,Inf,"Welch Two Sample t-test","greater",0.428010287083579,0.686788615938986,0.0838337874600184
"49","MUT_7806","Xenic",1551.6,24,"B7","X_MUT_1551P",0.286652267492151,0.503447480518627,0.224877665449478,0.0479954936309122,5,0.100568349313298,0.0214642372744756,0.387220616805449,0.186083918178853,0.524911717793103,0.481983243244152,0.445174702200502,0.420286635990232,-0.0248880662102701,58.1583822917943,2.38478764961927e-18,13.948763962874,0.431689212366904,Inf,"Welch Two Sample t-test","greater",0.420286635990232,0.503447480518627,0.0214642372744756
"50","MUT_7806","Xenic",1551.6,26,"E5","X_MUT_1551P",0.240465584538286,0.588160350951022,0.240711494450639,0.0889961483531851,5,0.107649452911438,0.0398002874906756,0.348115037449725,0.132816131626848,0.627960638441698,0.548360063460347,0.445174702200502,0.420286635990232,-0.0248880662102701,58.1583822917943,2.38478764961927e-18,13.948763962874,0.431689212366904,Inf,"Welch Two Sample t-test","greater",0.420286635990232,0.588160350951022,0.0398002874906756
"51","MUT_7806","Xenic",1551.6,28,"E2","X_MUT_1551P",0.267063222647427,0.50425379496687,0.139000562850232,0.06141462317215,5,0.0621629414887703,0.0274654544450922,0.329226164136197,0.204900281158657,0.531719249411963,0.476788340521778,0.445174702200502,0.420286635990232,-0.0248880662102701,58.1583822917943,2.38478764961927e-18,13.948763962874,0.431689212366904,Inf,"Welch Two Sample t-test","greater",0.420286635990232,0.50425379496687,0.0274654544450922
"52","MUT_7806","Xenic",3030,21,"B5","X_MUT_3030P",0.186846808701638,0.52258869837871,0.144445160890672,0.0867070293875127,5,0.0645978397544872,0.03877656236751,0.251444648456125,0.122248968947151,0.56136526074622,0.4838121360112,0.4243338076587,0.39944574144843,-0.0248880662102701,63.2730257663892,2.98737213273751e-35,31.7143985645802,0.412970873508077,Inf,"Welch Two Sample t-test","greater",0.39944574144843,0.52258869837871,0.03877656236751
"53","MUT_7806","Xenic",3030,25,"C3","X_MUT_3030P",0.215967008167722,0.513997046825182,0.248963278487393,0.0510295368559052,5,0.111339762919804,0.022821102654027,0.327306771087526,0.104627245247917,0.536818149479208,0.491175944171155,0.4243338076587,0.39944574144843,-0.0248880662102701,63.2730257663892,2.98737213273751e-35,31.7143985645802,0.412970873508077,Inf,"Welch Two Sample t-test","greater",0.39944574144843,0.513997046825182,0.022821102654027
"54","MUT_7806","Xenic",3030,28,"C6","X_MUT_3030P",0.163486706316499,0.567868717300632,0.198621239901532,0.121249862546045,5,0.0888261188390238,0.0542245869830923,0.252312825155523,0.0746605874774755,0.622093304283725,0.51364413031754,0.4243338076587,0.39944574144843,-0.0248880662102701,63.2730257663892,2.98737213273751e-35,31.7143985645802,0.412970873508077,Inf,"Welch Two Sample t-test","greater",0.39944574144843,0.567868717300632,0.0542245869830923
"55","NIES_843","Axenic",1.1,20,"E3","A_NIES_1P",-0.238558253260863,0.459071408341649,0.141720209284348,0.332833195404392,5,0.0633792043490596,0.148847530018538,-0.175179048911803,-0.301937457609923,0.607918938360188,0.310223878323111,0.156214403733938,0.131326337523668,-0.0248880662102701,4.82303906218215,0.0174014389543865,2.15465830733628,0.0661091479608924,Inf,"Welch Two Sample t-test","greater",0.131326337523668,0,0
"56","NIES_843","Axenic",1.1,22,"B7","A_NIES_1P",-0.0992035160711633,0.26860424819163,0.182040311481555,0.160831907401512,5,0.0814109022235983,0.0719262155801466,-0.017792613847565,-0.180614418294762,0.340530463771777,0.196678032611484,0.156214403733938,0.131326337523668,-0.0248880662102701,4.82303906218215,0.0174014389543865,2.15465830733628,0.0661091479608924,Inf,"Welch Two Sample t-test","greater",0.131326337523668,0,0
"57","NIES_843","Axenic",1.1,28,"C4","A_NIES_1P",-0.0343395468073873,0.241320552497531,0.184607731437038,0.138189988116618,5,0.0825590873330485,0.0618004414477293,0.0482195405256611,-0.116898634140436,0.30312099394526,0.179520111049802,0.156214403733938,0.131326337523668,-0.0248880662102701,4.82303906218215,0.0174014389543865,2.15465830733628,0.0661091479608924,Inf,"Welch Two Sample t-test","greater",0.131326337523668,0,0
"58","NIES_843","Axenic",9.6,21,"C2","A_NIES_10P",0.201499072850894,0.535074791320993,0.272406249162701,0.0745467852091149,5,0.121823778124709,0.0333383358463313,0.323322850975603,0.0796752947261849,0.568413127167325,0.501736455474662,0.406416246414833,0.381528180204563,-0.0248880662102701,64.6086192140562,1.32574210281936e-39,36.5771437439604,0.395800544574223,Inf,"Welch Two Sample t-test","greater",0.381528180204563,0.535074791320993,0.0333383358463313
"59","NIES_843","Axenic",9.6,23,"E4","A_NIES_10P",0.139790917904866,0.544437013775523,0.28576993931145,0.199467931791919,5,0.127800202045278,0.0892047709636046,0.267591119950145,0.0119907158595875,0.633641784739128,0.455232242811919,0.406416246414833,0.381528180204563,-0.0248880662102701,64.6086192140562,1.32574210281936e-39,36.5771437439604,0.395800544574223,Inf,"Welch Two Sample t-test","greater",0.381528180204563,0.544437013775523,0.0892047709636046
"60","NIES_843","Axenic",9.6,27,"E7","A_NIES_10P",0.250514614835397,0.561998980031611,0.205753945259001,0.1211194141257,5,0.0920159616475793,0.0541662486760029,0.342530576482977,0.158498653187818,0.616165228707613,0.507832731355608,0.406416246414833,0.381528180204563,-0.0248880662102701,64.6086192140562,1.32574210281936e-39,36.5771437439604,0.395800544574223,Inf,"Welch Two Sample t-test","greater",0.381528180204563,0.561998980031611,0.0541662486760029
"61","NIES_843","Axenic",18.7,20,"E4","A_NIES_19P",0.33297416028689,0.569527952867637,0.120360890395043,0.12552535380534,5,0.0538270265511433,0.0561366448016904,0.386801186838033,0.279147133735746,0.625664597669328,0.513391308065947,0.410512765601833,0.385624699391563,-0.0248880662102701,30.5048739296714,2.30701448103783e-05,3.20762830839172,0.379661386763295,Inf,"Welch Two Sample t-test","greater",0.385624699391563,0.569527952867637,0.0561366448016904
"62","NIES_843","Axenic",18.7,23,"B7","A_NIES_19P",0.239916378966751,0.528518072140015,0.253323550817427,0.0570037923694091,5,0.113289735985878,0.0254928709426565,0.353206114952628,0.126626642980873,0.554010943082672,0.503025201197358,0.410512765601833,0.385624699391563,-0.0248880662102701,30.5048739296714,2.30701448103783e-05,3.20762830839172,0.379661386763295,Inf,"Welch Two Sample t-test","greater",0.385624699391563,0.528518072140015,0.0254928709426565
"63","NIES_843","Axenic",18.7,24,"B3","A_NIES_19P",0.24263750501282,0.497334061302372,0.138320128168048,0.0640876545773424,5,0.061858641848048,0.0286608704306926,0.304496146860868,0.180778863164773,0.525994931733065,0.46867319087168,0.410512765601833,0.385624699391563,-0.0248880662102701,30.5048739296714,2.30701448103783e-05,3.20762830839172,0.379661386763295,Inf,"Welch Two Sample t-test","greater",0.385624699391563,0.497334061302372,0.0286608704306926
"64","NIES_843","Axenic",47.6,20,"B7","A_NIES_48P",0.32826395232639,0.568708116941382,0.13671660761272,0.0827540113661633,5,0.0611415256550412,0.0370087189651063,0.389405477981432,0.267122426671349,0.605716835906489,0.531699397976276,0.428279828623669,0.403391762413399,-0.0248880662102701,39.5237796366171,4.89560961447594e-07,4.35657832524947,0.405711820462301,Inf,"Welch Two Sample t-test","greater",0.403391762413399,0.568708116941382,0.0370087189651063
"65","NIES_843","Axenic",47.6,23,"B2","A_NIES_48P",0.305950222312139,0.537236209748887,0.104808250421929,0.0493531151222928,5,0.0468716745092508,0.0220713840629639,0.35282189682139,0.259078547802889,0.559307593811851,0.515164825685923,0.428279828623669,0.403391762413399,-0.0248880662102701,39.5237796366171,4.89560961447594e-07,4.35657832524947,0.405711820462301,Inf,"Welch Two Sample t-test","greater",0.403391762413399,0.537236209748887,0.0220713840629639
"66","NIES_843","Axenic",47.6,25,"B5","A_NIES_48P",0.240077411872332,0.549356721756449,0.126155296483664,0.0321283435355874,5,0.0564183637318226,0.0143682320300079,0.296495775604155,0.18365904814051,0.563724953786457,0.534988489726441,0.428279828623669,0.403391762413399,-0.0248880662102701,39.5237796366171,4.89560961447594e-07,4.35657832524947,0.405711820462301,Inf,"Welch Two Sample t-test","greater",0.403391762413399,0.549356721756449,0.0143682320300079
"67","NIES_843","Axenic",100,22,"E3","A_NIES_100P",0.316457114931442,0.545199881294559,0.111542522440961,0.0638522349466243,5,0.0498833325119567,0.0285555875711879,0.366340447443398,0.266573782419485,0.573755468865747,0.516644293723371,0.426608883458499,0.401720817248228,-0.0248880662102701,50.4240257336716,2.7915567283424e-12,8.6433126360414,0.411026777064037,Inf,"Welch Two Sample t-test","greater",0.401720817248228,0.545199881294559,0.0285555875711879
"68","NIES_843","Axenic",100,26,"B7","A_NIES_100P",0.351833313662182,0.582436603128648,0.197716082241107,0.0717762710453512,5,0.0884213200272109,0.032099324245771,0.440254633689392,0.263411993634971,0.614535927374419,0.550337278882877,0.426608883458499,0.401720817248228,-0.0248880662102701,50.4240257336716,2.7915567283424e-12,8.6433126360414,0.411026777064037,Inf,"Welch Two Sample t-test","greater",0.401720817248228,0.582436603128648,0.032099324245771
"69","NIES_843","Axenic",100,27,"C4","A_NIES_100P",0.234091190606337,0.556892485336149,0.248343507295556,0.0628411316203674,5,0.111062592816716,0.0281034084172306,0.345153783423053,0.123028597789622,0.58499589375338,0.528789076918919,0.426608883458499,0.401720817248228,-0.0248880662102701,50.4240257336716,2.7915567283424e-12,8.6433126360414,0.411026777064037,Inf,"Welch Two Sample t-test","greater",0.401720817248228,0.556892485336149,0.0281034084172306
"70","NIES_843","Axenic",171.1,21,"D7","A_NIES_171P",0.300961736076685,0.647858750873778,0.122432973768864,0.135300005833311,5,0.0547536904069255,0.0605080020798803,0.355715426483611,0.24620804566976,0.708366752953658,0.587350748793898,0.44768108985547,0.422793023645199,-0.0248880662102701,64.2479452346654,1.01897202134402e-29,25.1503507778626,0.435781463284872,Inf,"Welch Two Sample t-test","greater",0.422793023645199,0.647858750873778,0.0605080020798803
"71","NIES_843","Axenic",171.1,24,"D4","A_NIES_171P",0.264087012219686,0.53018882745613,0.204878201477538,0.0501691166464328,5,0.0916243171223345,0.022436311038508,0.35571132934202,0.172462695097352,0.552625138494638,0.507752516417622,0.44768108985547,0.422793023645199,-0.0248880662102701,64.2479452346654,1.01897202134402e-29,25.1503507778626,0.435781463284872,Inf,"Welch Two Sample t-test","greater",0.422793023645199,0.53018882745613,0.022436311038508
"72","NIES_843","Axenic",171.1,27,"E3","A_NIES_171P",0.316734958346014,0.57589010771312,0.161378984330007,0.0470043373568732,5,0.072170875820354,0.0210209787134602,0.388905834166368,0.24456408252566,0.596911086426581,0.55486912899966,0.44768108985547,0.422793023645199,-0.0248880662102701,64.2479452346654,1.01897202134402e-29,25.1503507778626,0.435781463284872,Inf,"Welch Two Sample t-test","greater",0.422793023645199,0.57589010771312,0.0210209787134602
"73","NIES_843","Axenic",309.5,22,"C5","A_NIES_310P",0.196655527685145,0.601648879236855,0.177890833636548,0.119187805626007,5,0.0795551993170857,0.0533024070937566,0.276210727002231,0.11710032836806,0.654951286330611,0.548346472143098,0.455169820107182,0.430281753896912,-0.0248880662102701,65.3883275566012,4.64471317066267e-30,25.3156381046494,0.443285107097017,Inf,"Welch Two Sample t-test","greater",0.430281753896912,0.601648879236855,0.0533024070937566
"74","NIES_843","Axenic",309.5,25,"E6","A_NIES_310P",0.222517728691775,0.571846475610853,0.287370262076932,0.0753436157752915,5,0.12851588814319,0.0336946893088355,0.351033616834965,0.0940018405485855,0.605541164919689,0.538151786302018,0.455169820107182,0.430281753896912,-0.0248880662102701,65.3883275566012,4.64471317066267e-30,25.3156381046494,0.443285107097017,Inf,"Welch Two Sample t-test","greater",0.430281753896912,0.571846475610853,0.0336946893088355
"75","NIES_843","Axenic",309.5,26,"C2","A_NIES_310P",0.318375016250319,0.562191965976625,0.100736982129555,0.114235290022392,5,0.0450509479779732,0.0510875747838943,0.363425964228292,0.273324068272346,0.613279540760519,0.511104391192731,0.455169820107182,0.430281753896912,-0.0248880662102701,65.3883275566012,4.64471317066267e-30,25.3156381046494,0.443285107097017,Inf,"Welch Two Sample t-test","greater",0.430281753896912,0.562191965976625,0.0510875747838943
"76","NIES_843","Axenic",1551.6,24,"B6","A_NIES_1551P",0.322152042042067,0.551924790181151,0.114578858398391,0.136301890368878,5,0.0512412232326249,0.060956058465307,0.373393265274692,0.270910818809442,0.612880848646458,0.490968731715844,0.460190763651004,0.435302697440734,-0.0248880662102701,48.7846345310272,2.55040243956157e-09,5.99023377693358,0.441855179255776,Inf,"Welch Two Sample t-test","greater",0.435302697440734,0.551924790181151,0.060956058465307
"77","NIES_843","Axenic",1551.6,26,"B5","A_NIES_1551P",0.428195754123796,0.531415949173195,0.142415437800519,0.0814596250685125,5,0.0636901199934706,0.036429851814968,0.491885874117267,0.364505634130326,0.567845800988163,0.494986097358227,0.460190763651004,0.435302697440734,-0.0248880662102701,48.7846345310272,2.55040243956157e-09,5.99023377693358,0.441855179255776,Inf,"Welch Two Sample t-test","greater",0.435302697440734,0.531415949173195,0.036429851814968
"78","NIES_843","Axenic",1551.6,28,"E3","A_NIES_1551P",0.303388082390217,0.589176267689037,0.135611903705384,0.0396798535105057,5,0.0606474870486788,0.0177453699573449,0.364035569438896,0.242740595341538,0.606921637646382,0.571430897731692,0.460190763651004,0.435302697440734,-0.0248880662102701,48.7846345310272,2.55040243956157e-09,5.99023377693358,0.441855179255776,Inf,"Welch Two Sample t-test","greater",0.435302697440734,0.589176267689037,0.0177453699573449
"79","NIES_843","Axenic",3030,21,"C5","A_NIES_3030P",0.330187321832678,0.590230116108794,0.145525308526023,0.0890657604263689,5,0.0650808964621635,0.0398314189562143,0.395268218294841,0.265106425370514,0.630061535065008,0.550398697152579,0.461298641212342,0.436410575002072,-0.0248880662102701,52.2410910934561,4.87549920189306e-11,7.36587660965221,0.444693335781052,Inf,"Welch Two Sample t-test","greater",0.436410575002072,0.590230116108794,0.0398314189562143
"80","NIES_843","Axenic",3030,25,"D3","A_NIES_3030P",0.360952743765129,0.668387716450871,0.111808965899743,0.190438858680341,5,0.0500024896491562,0.0851668467133435,0.410955233414285,0.310950254115973,0.753554563164215,0.583220869737528,0.461298641212342,0.436410575002072,-0.0248880662102701,52.2410910934561,4.87549920189306e-11,7.36587660965221,0.444693335781052,Inf,"Welch Two Sample t-test","greater",0.436410575002072,0.668387716450871,0.0851668467133435
"81","NIES_843","Axenic",3030,28,"E7","A_NIES_3030P",0.290745605811576,0.617031324491538,0.243551162779281,0.10119889423518,5,0.108919391194718,0.0452575213515347,0.399664997006294,0.181826214616859,0.662288845843073,0.571773803140003,0.461298641212342,0.436410575002072,-0.0248880662102701,52.2410910934561,4.87549920189306e-11,7.36587660965221,0.444693335781052,Inf,"Welch Two Sample t-test","greater",0.436410575002072,0.617031324491538,0.0452575213515347
"82","NIES_843","Xenic",1.1,20,"C2","X_NIES_1P",0.171926440607394,0.226587697665571,0.150684729691313,0.0766076766876358,4,0.0753423648456566,0.0383038383438179,0.24726880545305,0.0965840757617372,0.264891536009389,0.188283859321753,0.156107187419484,0.131219121209214,-0.0248880662102701,2.68448846738539,0.0562647532152963,2.04618347730459,-0.0111095336926364,Inf,"Welch Two Sample t-test","greater",0.131219121209214,0,0
"83","NIES_843","Xenic",1.1,22,"C6","X_NIES_1P",0.0301585421209929,0.301363340978493,0.213474947533206,0.146267821588341,5,0.0954688988354899,0.0654129583984685,0.125627440956483,-0.0653103567144971,0.366776299376962,0.235950382580025,0.156107187419484,0.131219121209214,-0.0248880662102701,2.68448846738539,0.0562647532152963,2.04618347730459,-0.0111095336926364,Inf,"Welch Two Sample t-test","greater",0.131219121209214,0,0
"84","NIES_843","Xenic",1.1,28,"B5","X_NIES_1P",-0.00647438360454366,0.342510936123242,0.207143565213296,0.0944346262303805,5,0.092637418583718,0.0422324487361831,0.0861630349791743,-0.0991118021882617,0.384743384859425,0.300278487387059,0.156107187419484,0.131219121209214,-0.0248880662102701,2.68448846738539,0.0562647532152963,2.04618347730459,-0.0111095336926364,Inf,"Welch Two Sample t-test","greater",0.131219121209214,0,0
"85","NIES_843","Xenic",9.6,21,"D2","X_NIES_10P",0.163878459669672,0.552754480986829,0.20839813355375,0.16575605640301,5,0.0931984786020529,0.0741283619598841,0.257076938271725,0.0706799810676195,0.626882842946713,0.478626119026945,0.39386791320491,0.36897984699464,-0.0248880662102701,21.1273224053553,0.000329310951348915,2.52536583412917,0.346420545639056,Inf,"Welch Two Sample t-test","greater",0.36897984699464,0.552754480986829,0.0741283619598841
"86","NIES_843","Xenic",9.6,23,"B5","X_NIES_10P",0.249466753777465,0.629614431318435,0.212230704955441,0.317980336301279,5,0.0949124566386137,0.142205129495581,0.344379210416079,0.154554297138852,0.771819560814016,0.487409301822854,0.39386791320491,0.36897984699464,-0.0248880662102701,21.1273224053553,0.000329310951348915,2.52536583412917,0.346420545639056,Inf,"Welch Two Sample t-test","greater",0.36897984699464,0.629614431318435,0.142205129495581
"87","NIES_843","Xenic",9.6,27,"E6","X_NIES_10P",0.371968584172923,0.568553242519074,0.145111624571665,0.115905274837589,5,0.0648958913735344,0.0518344146975288,0.436864475546457,0.307072692799389,0.620387657216603,0.516718827821545,0.39386791320491,0.36897984699464,-0.0248880662102701,21.1273224053553,0.000329310951348915,2.52536583412917,0.346420545639056,Inf,"Welch Two Sample t-test","greater",0.36897984699464,0.568553242519074,0.0518344146975288
"88","NIES_843","Xenic",18.7,20,"B4","X_NIES_19P",0.272312898442907,0.543797063776862,0.195464862468301,0.0908408554511865,5,0.0874145439383536,0.040625265584617,0.35972744238126,0.184898354504553,0.584422329361479,0.503171798192245,0.41508229558789,0.390194229377619,-0.0248880662102701,61.1625468896076,4.42042969219089e-33,29.6737227253408,0.403559725057659,Inf,"Welch Two Sample t-test","greater",0.390194229377619,0.543797063776862,0.040625265584617
"89","NIES_843","Xenic",18.7,23,"C6","X_NIES_19P",0.24330116794035,0.477775275525865,0.260411657971613,0.0949022204337027,5,0.11645963387159,0.0424415632210857,0.35976080181194,0.126841534068759,0.520216838746951,0.43533371230478,0.41508229558789,0.390194229377619,-0.0248880662102701,61.1625468896076,4.42042969219089e-33,29.6737227253408,0.403559725057659,Inf,"Welch Two Sample t-test","greater",0.390194229377619,0.477775275525865,0.0424415632210857
"90","NIES_843","Xenic",18.7,24,"E3","X_NIES_19P",0.283155886373015,0.55305331824031,0.102171963617008,0.0437783797568468,5,0.045692691208453,0.019578286616222,0.328848577581468,0.237463195164562,0.572631604856532,0.533475031624087,0.41508229558789,0.390194229377619,-0.0248880662102701,61.1625468896076,4.42042969219089e-33,29.6737227253408,0.403559725057659,Inf,"Welch Two Sample t-test","greater",0.390194229377619,0.55305331824031,0.019578286616222
"91","NIES_843","Xenic",47.6,20,"C7","X_NIES_48P",0.151038451805938,0.513080455916975,0.246839945424313,0.086653551812954,5,0.11039017950622,0.038752646469113,0.261428631312159,0.040648272299718,0.551833102386089,0.474327809447862,0.431733186227606,0.406845120017336,-0.0248880662102701,26.9827442067683,9.89772692573451e-05,2.7630246429282,0.392724765994819,Inf,"Welch Two Sample t-test","greater",0.406845120017336,0.513080455916975,0.038752646469113
"92","NIES_843","Xenic",47.6,23,"D3","X_NIES_48P",0.341734200898708,0.611383022345704,0.190079850994445,0.162353600798965,5,0.0850062935953219,0.0726067375556698,0.42674049449403,0.256727907303386,0.683989759901374,0.538776284790034,0.431733186227606,0.406845120017336,-0.0248880662102701,26.9827442067683,9.89772692573451e-05,2.7630246429282,0.392724765994819,Inf,"Welch Two Sample t-test","greater",0.406845120017336,0.611383022345704,0.0726067375556698
"93","NIES_843","Xenic",47.6,25,"E5","X_NIES_48P",0.320993420705984,0.564755562287966,0.219815614845196,0.0845428422671952,5,0.098304531461954,0.0378087084640982,0.419297952167938,0.22268888924403,0.602564270752065,0.526946853823868,0.431733186227606,0.406845120017336,-0.0248880662102701,26.9827442067683,9.89772692573451e-05,2.7630246429282,0.392724765994819,Inf,"Welch Two Sample t-test","greater",0.406845120017336,0.564755562287966,0.0378087084640982
"94","NIES_843","Xenic",100,22,"E2","X_NIES_100P",0.261380973722744,0.558401562688776,0.192972594889155,0.0780643244680016,5,0.0862999679933357,0.0349114272256104,0.34768094171608,0.175081005729409,0.593312989914386,0.523490135463165,0.429158580575609,0.404270514365338,-0.0248880662102701,36.4085827978252,2.90906345222675e-06,3.78739024832986,0.40361904719636,Inf,"Welch Two Sample t-test","greater",0.404270514365338,0.558401562688776,0.0349114272256104
"95","NIES_843","Xenic",100,26,"E7","X_NIES_100P",0.364376251050195,0.611601328347887,0.19752291444781,0.122879529679484,5,0.0883349327638356,0.054953396281306,0.45271118381403,0.276041318286359,0.666554724629193,0.556647932066581,0.429158580575609,0.404270514365338,-0.0248880662102701,36.4085827978252,2.90906345222675e-06,3.78739024832986,0.40361904719636,Inf,"Welch Two Sample t-test","greater",0.404270514365338,0.611601328347887,0.054953396281306
"96","NIES_843","Xenic",100,27,"B5","X_NIES_100P",0.260432195201794,0.551201265496086,0.109253727816839,0.113640690832636,5,0.0488597524387425,0.0508216619423621,0.309291947640536,0.211572442763051,0.602022927438448,0.500379603553724,0.429158580575609,0.404270514365338,-0.0248880662102701,36.4085827978252,2.90906345222675e-06,3.78739024832986,0.40361904719636,Inf,"Welch Two Sample t-test","greater",0.404270514365338,0.551201265496086,0.0508216619423621
"97","NIES_843","Xenic",171.1,21,"B7","X_NIES_171P",0.312990261728463,0.652677070268951,0.196891065256438,0.141925151779503,5,0.0880523612151483,0.0634708574191889,0.401042622943611,0.224937900513315,0.71614792768814,0.589206212849762,0.473007289092075,0.448119222881805,-0.0248880662102701,74.3119184810063,3.5150294603081e-42,36.9979936935447,0.46226865245288,Inf,"Welch Two Sample t-test","greater",0.448119222881805,0.652677070268951,0.0634708574191889
"98","NIES_843","Xenic",171.1,24,"C4","X_NIES_171P",0.311690235430721,0.559892258729787,0.134559015662661,0.044653179060898,5,0.0601766212014339,0.0199695087583276,0.371866856632155,0.251513614229287,0.579861767488115,0.53992274997146,0.473007289092075,0.448119222881805,-0.0248880662102701,74.3119184810063,3.5150294603081e-42,36.9979936935447,0.46226865245288,Inf,"Welch Two Sample t-test","greater",0.448119222881805,0.559892258729787,0.0199695087583276
"99","NIES_843","Xenic",171.1,27,"D3","X_NIES_171P",0.349972219492688,0.582921468000747,0.171052451253388,0.0805820080393821,5,0.0764969817441091,0.0360373695478986,0.426469201236797,0.273475237748579,0.618958837548645,0.546884098452848,0.473007289092075,0.448119222881805,-0.0248880662102701,74.3119184810063,3.5150294603081e-42,36.9979936935447,0.46226865245288,Inf,"Welch Two Sample t-test","greater",0.448119222881805,0.582921468000747,0.0360373695478986
"100","NIES_843","Xenic",309.5,22,"D4","X_NIES_310P",0.308214524724204,0.59131966374392,0.13470351895626,0.0812369496355822,5,0.0602412450389259,0.0363302683339777,0.36845576976313,0.247973279685279,0.627649932077898,0.554989395409942,0.46954923472265,0.44466116851238,-0.0248880662102701,67.2609819931416,6.17917754084991e-30,24.846216604161,0.457621856999507,Inf,"Welch Two Sample t-test","greater",0.44466116851238,0.59131966374392,0.0363302683339777
"101","NIES_843","Xenic",309.5,25,"C7","X_NIES_310P",0.367785216652998,0.553362802249413,0.10777043294113,0.057411217251882,5,0.0481964028041898,0.0256750768892433,0.415981619457188,0.319588813848808,0.579037879138657,0.52768772536017,0.46954923472265,0.44466116851238,-0.0248880662102701,67.2609819931416,6.17917754084991e-30,24.846216604161,0.457621856999507,Inf,"Welch Two Sample t-test","greater",0.44466116851238,0.553362802249413,0.0256750768892433
"102","NIES_843","Xenic",309.5,26,"B3","X_NIES_310P",0.362256591283872,0.549531438441703,0.191680240974719,0.0330020708234416,5,0.0857220097526023,0.0147589747518956,0.447978601036474,0.276534581531269,0.564290413193598,0.534772463689807,0.46954923472265,0.44466116851238,-0.0248880662102701,67.2609819931416,6.17917754084991e-30,24.846216604161,0.457621856999507,Inf,"Welch Two Sample t-test","greater",0.44466116851238,0.549531438441703,0.0147589747518956
"103","NIES_843","Xenic",1551.6,24,"E6","X_NIES_1551P",0.357301345447919,0.560717179852066,0.13849353139459,0.0725551847947798,5,0.061936190128461,0.0324476650642373,0.41923753557638,0.295365155319458,0.593164844916303,0.528269514787829,0.453817593044434,0.428929526834164,-0.0248880662102701,59.5224104591148,8.36541180200872e-19,14.2640227981779,0.440406351738831,Inf,"Welch Two Sample t-test","greater",0.428929526834164,0.560717179852066,0.0324476650642373
"104","NIES_843","Xenic",1551.6,26,"E4","X_NIES_1551P",0.273752385057483,0.628745891954183,0.241815678928629,0.148225284680483,5,0.108143259221936,0.0662883625059635,0.381895644279418,0.165609125835547,0.695034254460147,0.56245752944822,0.453817593044434,0.428929526834164,-0.0248880662102701,59.5224104591148,8.36541180200872e-19,14.2640227981779,0.440406351738831,Inf,"Welch Two Sample t-test","greater",0.428929526834164,0.628745891954183,0.0662883625059635
"105","NIES_843","Xenic",1551.6,28,"D3","X_NIES_1551P",0.321988315167664,0.562717488954543,0.238364214513642,0.0869762030221285,5,0.106599717411169,0.0388969404764604,0.428588032578833,0.215388597756495,0.601614429431004,0.523820548478083,0.453817593044434,0.428929526834164,-0.0248880662102701,59.5224104591148,8.36541180200872e-19,14.2640227981779,0.440406351738831,Inf,"Welch Two Sample t-test","greater",0.428929526834164,0.562717488954543,0.0388969404764604
"106","NIES_843","Xenic",3030,21,"D5","X_NIES_3030P",0.271537267611972,0.601854095526429,0.18420252517185,0.172187607193964,5,0.0823778735822747,0.077004638913747,0.353915141194247,0.189159394029697,0.678858734440176,0.524849456612682,0.463342730609572,0.438454664399302,-0.0248880662102701,46.5138076965182,2.55418296243594e-08,5.20243025452103,0.443441274563619,Inf,"Welch Two Sample t-test","greater",0.438454664399302,0.601854095526429,0.077004638913747
"107","NIES_843","Xenic",3030,25,"B3","X_NIES_3030P",0.296232513839177,0.560991755134289,0.197368279701722,0.0291352674051644,5,0.0882657780030484,0.0130296876921163,0.384498291842225,0.207966735836128,0.574021442826405,0.547962067442173,0.463342730609572,0.438454664399302,-0.0248880662102701,46.5138076965182,2.55418296243594e-08,5.20243025452103,0.443441274563619,Inf,"Welch Two Sample t-test","greater",0.438454664399302,0.560991755134289,0.0130296876921163
"108","NIES_843","Xenic",3030,28,"E6","X_NIES_3030P",0.307465410373211,0.622203012378945,0.128003665121246,0.108796714020772,5,0.0572449793160449,0.0486553696558101,0.364710389689256,0.250220431057166,0.670858382034755,0.573547642723135,0.463342730609572,0.438454664399302,-0.0248880662102701,46.5138076965182,2.55418296243594e-08,5.20243025452103,0.443441274563619,Inf,"Welch Two Sample t-test","greater",0.438454664399302,0.622203012378945,0.0486553696558101
"109","PCC_9701","Axenic",1.1,20,"B2","A_9701_1P",-0.0429068106126928,0.438121299558899,0.278742580407328,0.217778021770986,5,0.124657471602897,0.0973932921370706,0.0817506609902047,-0.16756428221559,0.535514591695969,0.340728007421828,NA,NA,NA,NA,NA,NA,NA,NA,NA,NA,NA,0,0
"110","PCC_9701","Axenic",1.1,22,"E7","A_9701_1P",0.0453012697227767,0.245663582416265,0.197687432069831,0.0932085381053213,5,0.0884085072811027,0.0416841254573756,0.133709777003879,-0.043107237558326,0.287347707873641,0.20397945695889,NA,NA,NA,NA,NA,NA,NA,NA,NA,NA,NA,0,0
"111","PCC_9701","Axenic",1.1,28,"D4","A_9701_1P",0.237138054963435,0.362771998175893,0.187560565767642,0.251861011038547,5,0.0838796349909534,0.112635668312803,0.321017689954388,0.153258419972481,0.475407666488696,0.25013632986309,NA,NA,NA,NA,NA,NA,NA,NA,NA,NA,NA,0,0
"112","PCC_9701","Axenic",9.6,21,"B3","A_9701_10P",0.330070284093479,0.549261356018733,0.290071901929739,0.178173096084116,5,0.12972409821551,0.0796814309211371,0.459794382308989,0.200346185877969,0.62894278693987,0.469579925097596,0.261374198742347,0.236486132532077,-0.0248880662102701,16.3148416895238,0.000396480019406786,2.76058685735885,0.222300715289974,Inf,"Welch Two Sample t-test","greater",0.236486132532077,0.549261356018733,0.0796814309211371
"113","PCC_9701","Axenic",9.6,23,"E5","A_9701_10P",0.191870989752339,0.457986261132731,0.165408116104958,0.0978048453844999,5,0.0739727583281727,0.0437396565617197,0.265843748080512,0.117898231424166,0.501725917694451,0.414246604571011,0.261374198742347,0.236486132532077,-0.0248880662102701,16.3148416895238,0.000396480019406786,2.76058685735885,0.222300715289974,Inf,"Welch Two Sample t-test","greater",0.236486132532077,0.457986261132731,0.0437396565617197
"114","PCC_9701","Axenic",9.6,27,"D6","A_9701_10P",0.168418427021053,0.517293048004779,0.154626896647876,0.0896627593770797,5,0.0691512504108971,0.0400984050034714,0.23756967743195,0.0992671766101555,0.55739145300825,0.477194643001307,0.261374198742347,0.236486132532077,-0.0248880662102701,16.3148416895238,0.000396480019406786,2.76058685735885,0.222300715289974,Inf,"Welch Two Sample t-test","greater",0.236486132532077,0.517293048004779,0.0400984050034714
"115","PCC_9701","Axenic",18.7,23,"C7","A_9701_19P",0.163703383445522,0.66828534656576,0.230213016446186,0.318355663119105,5,0.10295439081579,0.142372980751268,0.266657774261312,0.0607489926297323,0.810658327317029,0.525912365814492,NA,NA,NA,NA,NA,NA,NA,NA,NA,NA,NA,0.66828534656576,0.142372980751268
"116","PCC_9701","Axenic",18.7,24,"D2","A_9701_19P",0.133650568323,0.474861810938125,0.18814962690732,0.139087981234547,5,0.084143071141198,0.0622020361787322,0.217793639464198,0.0495074971818021,0.537063847116857,0.412659774759392,NA,NA,NA,NA,NA,NA,NA,NA,NA,NA,NA,0.474861810938125,0.0622020361787322
"117","PCC_9701","Axenic",47.6,20,"C6","A_9701_48P",0.151017994330359,0.562310347884247,0.173951152669873,0.14809853240464,5,0.0777933204268559,0.0662316771649459,0.228811314757215,0.0732246739035033,0.628542025049193,0.496078670719301,0.37966423801232,0.35477617180205,-0.0248880662102701,37.2576851938596,1.5246415552379e-07,4.93759718414646,0.359072974396574,Inf,"Welch Two Sample t-test","greater",0.35477617180205,0.562310347884247,0.0662316771649459
"118","PCC_9701","Axenic",47.6,23,"E3","A_9701_48P",0.294419417512304,0.658810202033941,0.28316832958904,0.13780549810018,5,0.126636726807232,0.0616284922850443,0.421056144319535,0.167782690705072,0.720438694318985,0.597181709748897,0.37966423801232,0.35477617180205,-0.0248880662102701,37.2576851938596,1.5246415552379e-07,4.93759718414646,0.359072974396574,Inf,"Welch Two Sample t-test","greater",0.35477617180205,0.658810202033941,0.0616284922850443
"119","PCC_9701","Axenic",47.6,25,"B4","A_9701_48P",0.129470006219133,0.465220626203753,0.243126406967466,0.0192700829758164,5,0.108729434620906,0.00861784309319737,0.23819944084004,0.020740571598227,0.473838469296951,0.456602783110556,0.37966423801232,0.35477617180205,-0.0248880662102701,37.2576851938596,1.5246415552379e-07,4.93759718414646,0.359072974396574,Inf,"Welch Two Sample t-test","greater",0.35477617180205,0.465220626203753,0.00861784309319737
"120","PCC_9701","Axenic",100,22,"B2","A_9701_100P",0.0494995148179334,0.624161251441566,0.194784018699241,0.122857686389952,5,0.0871100613484187,0.0549436276652568,0.136609576166352,-0.0376105465304853,0.679104879106822,0.569217623776309,0.375383120066903,0.350495053856633,-0.0248880662102701,37.113485118938,1.27110970859469e-07,5.02115110350366,0.355020929410223,Inf,"Welch Two Sample t-test","greater",0.350495053856633,0.624161251441566,0.0549436276652568
"121","PCC_9701","Axenic",100,26,"E6","A_9701_100P",0.267735032578539,0.648627773293865,0.15583924591365,0.138848066792916,5,0.0696934294850457,0.0620947431786781,0.337428462063585,0.198041603093493,0.710722516472543,0.586533030115187,0.375383120066903,0.350495053856633,-0.0248880662102701,37.113485118938,1.27110970859469e-07,5.02115110350366,0.355020929410223,Inf,"Welch Two Sample t-test","greater",0.350495053856633,0.648627773293865,0.0620947431786781
"122","PCC_9701","Axenic",100,27,"D4","A_9701_100P",0.30946003487351,0.505942563574896,0.182452171585336,0.0803881603113357,5,0.0815950916614536,0.0359506782084594,0.391055126534964,0.227864943212057,0.541893241783356,0.469991885366437,0.375383120066903,0.350495053856633,-0.0248880662102701,37.113485118938,1.27110970859469e-07,5.02115110350366,0.355020929410223,Inf,"Welch Two Sample t-test","greater",0.350495053856633,0.505942563574896,0.0359506782084594
"123","PCC_9701","Axenic",171.1,21,"B6","A_9701_171P",0.312989130487926,0.501848958808931,0.143863229034811,0.116017793115488,5,0.064337591916892,0.0518847344011478,0.377326722404818,0.248651538571034,0.553733693210079,0.449964224407783,0.375091214581533,0.350203148371263,-0.0248880662102701,24.7390315925739,9.65431503780376e-05,2.8757635947489,0.338772419843841,Inf,"Welch Two Sample t-test","greater",0.350203148371263,0.501848958808931,0.0518847344011478
"124","PCC_9701","Axenic",171.1,24,"E5","A_9701_171P",0.24530701206749,0.493073274977183,0.204131812634942,0.0300954124129388,5,0.0912905218843961,0.0134590775932444,0.336597533951887,0.154016490183094,0.506532352570428,0.479614197383939,0.375091214581533,0.350203148371263,-0.0248880662102701,24.7390315925739,9.65431503780376e-05,2.8757635947489,0.338772419843841,Inf,"Welch Two Sample t-test","greater",0.350203148371263,0.493073274977183,0.0134590775932444
"125","PCC_9701","Axenic",171.1,27,"B3","A_9701_171P",0.214560926852229,0.657232209497049,0.266766813145574,0.20699428515541,5,0.119301745666897,0.0925706585122946,0.333862672519127,0.095259181185332,0.749802868009344,0.564661550984755,0.375091214581533,0.350203148371263,-0.0248880662102701,24.7390315925739,9.65431503780376e-05,2.8757635947489,0.338772419843841,Inf,"Welch Two Sample t-test","greater",0.350203148371263,0.657232209497049,0.0925706585122946
"126","PCC_9701","Axenic",309.5,22,"B5","A_9701_310P",0.211428383991326,0.640701526215449,0.246544347932136,0.230005257505102,5,0.110257984288923,0.10286147819275,0.321686368280249,0.101170399702402,0.743563004408199,0.537840048022698,0.387845674382676,0.362957608172406,-0.0248880662102701,41.3228857985632,5.59164116685618e-09,6.07630823418553,0.36964843528035,Inf,"Welch Two Sample t-test","greater",0.362957608172406,0.640701526215449,0.10286147819275
"127","PCC_9701","Axenic",309.5,25,"B6","A_9701_310P",0.147884710088129,0.633405079961781,0.247056220580493,0.0617746306641525,5,0.110486900696433,0.0276264546899976,0.258371610784562,0.0373978093916958,0.661031534651779,0.605778625271784,0.387845674382676,0.362957608172406,-0.0248880662102701,41.3228857985632,5.59164116685618e-09,6.07630823418553,0.36964843528035,Inf,"Welch Two Sample t-test","greater",0.362957608172406,0.633405079961781,0.0276264546899976
"128","PCC_9701","Axenic",309.5,26,"D2","A_9701_310P",0.268386049861002,0.541236362377315,0.260987873784503,0.154970147854014,5,0.116717325417057,0.0693047570169537,0.385103375278059,0.151668724443945,0.610541119394268,0.471931605360361,0.387845674382676,0.362957608172406,-0.0248880662102701,41.3228857985632,5.59164116685618e-09,6.07630823418553,0.36964843528035,Inf,"Welch Two Sample t-test","greater",0.362957608172406,0.541236362377315,0.0693047570169537
"129","PCC_9701","Axenic",1551.6,24,"C7","A_9701_1551P",0.223347629546895,0.603568155847467,0.269584243964154,0.16158277296606,5,0.120561739033347,0.0722620128690052,0.343909368580242,0.102785890513548,0.675830168716472,0.531306142978462,0.387816662413434,0.362928596203164,-0.0248880662102701,44.6665377085795,5.24791923426830e-11,7.82402744658132,0.371623957092784,Inf,"Welch Two Sample t-test","greater",0.362928596203164,0.603568155847467,0.0722620128690052
"130","PCC_9701","Axenic",1551.6,26,"D5","A_9701_1551P",0.230205342825069,0.530180161687549,0.200060039094111,0.0777019704953958,5,0.0894695693991397,0.0347493776026776,0.319674912224209,0.140735773425929,0.564929539290227,0.495430784084872,0.387816662413434,0.362928596203164,-0.0248880662102701,44.6665377085795,5.24791923426830e-11,7.82402744658132,0.371623957092784,Inf,"Welch Two Sample t-test","greater",0.362928596203164,0.530180161687549,0.0347493776026776
"131","PCC_9701","Axenic",1551.6,28,"B3","A_9701_1551P",0.214598223991727,0.695387397241059,0.261719305838764,0.10855949563739,5,0.117044431775907,0.0485492823696592,0.331642655767633,0.0975537922158199,0.743936679610718,0.6468381148714,0.387816662413434,0.362928596203164,-0.0248880662102701,44.6665377085795,5.24791923426830e-11,7.82402744658132,0.371623957092784,Inf,"Welch Two Sample t-test","greater",0.362928596203164,0.695387397241059,0.0485492823696592
"132","PCC_9701","Axenic",3030,21,"D4","A_9701_3030P",0.313946488788461,0.606082163771159,0.23479773854971,0.0591403890089316,5,0.105004740872075,0.0264483860079505,0.418951229660536,0.208941747916386,0.632530549779109,0.579633777763208,0.423223866891788,0.398335800681518,-0.0248880662102701,43.7917697173973,1.25002098605988e-08,5.60981090948984,0.404207533263679,Inf,"Welch Two Sample t-test","greater",0.398335800681518,0.606082163771159,0.0264483860079505
"133","PCC_9701","Axenic",3030,25,"E3","A_9701_3030P",0.387237454322999,0.598610626249202,0.156015482986634,0.114094610865957,5,0.0697722451001152,0.0510246611525333,0.457009699423115,0.317465209222884,0.649635287401735,0.547585965096668,0.423223866891788,0.398335800681518,-0.0248880662102701,43.7917697173973,1.25002098605988e-08,5.60981090948984,0.404207533263679,Inf,"Welch Two Sample t-test","greater",0.398335800681518,0.598610626249202,0.0510246611525333
"134","PCC_9701","Axenic",3030,28,"D6","A_9701_3030P",0.264747546325347,0.588406286966299,0.0897636988758743,0.192869316623593,5,0.0401435465196553,0.0862537805488567,0.304891092845002,0.224603999805692,0.674660067515156,0.502152506417443,0.423223866891788,0.398335800681518,-0.0248880662102701,43.7917697173973,1.25002098605988e-08,5.60981090948984,0.404207533263679,Inf,"Welch Two Sample t-test","greater",0.398335800681518,0.588406286966299,0.0862537805488567
"135","PCC_9701","Xenic",1.1,20,"D2","X_9701_1P",-0.204157474886814,0.396526351452499,0.258835734640342,0.0982227701458335,5,0.11575485953238,0.0439265581968841,-0.0884026153544343,-0.319912334419195,0.440452909649384,0.352599793255615,0.0946123972214918,0.0697243310112216,-0.0248880662102701,4.3639906549062,0.017762310015374,2.37053541662338,0.0375643889572886,Inf,"Welch Two Sample t-test","greater",0.0697243310112216,0,0
"136","PCC_9701","Xenic",1.1,22,"B6","X_9701_1P",0.0595778885470823,0.288419685744825,0.224953525553747,0.185621805297859,5,0.100602274983283,0.0830125949504487,0.160180163530365,-0.0410243864362006,0.371432280695274,0.205407090794377,0.0946123972214918,0.0697243310112216,-0.0248880662102701,4.3639906549062,0.017762310015374,2.37053541662338,0.0375643889572886,Inf,"Welch Two Sample t-test","greater",0.0697243310112216,0,0
"137","PCC_9701","Xenic",1.1,28,"B4","X_9701_1P",0.16219264227963,0.39567269139796,0.191522226620522,0.0836255892263015,5,0.0856513435851212,0.0373985004336968,0.247843985864751,0.0765412986945089,0.433071191831657,0.358274190964263,0.0946123972214918,0.0697243310112216,-0.0248880662102701,4.3639906549062,0.017762310015374,2.37053541662338,0.0375643889572886,Inf,"Welch Two Sample t-test","greater",0.0697243310112216,0,0
"138","PCC_9701","Xenic",9.6,21,"E2","X_9701_10P",0.146187172565227,0.414065759981459,0.152207204126153,0.0927631278816471,5,0.0680691310182531,0.0414849319497738,0.21425630358348,0.0781180415469742,0.455550691931233,0.372580828031685,0.300706672552956,0.275818606342686,-0.0248880662102701,25.0878305426942,1.44628032053877e-05,3.69665779200177,0.274539495643283,Inf,"Welch Two Sample t-test","greater",0.275818606342686,0.414065759981459,0.0414849319497738
"139","PCC_9701","Xenic",9.6,23,"D4","X_9701_10P",0.157675223578574,0.480912149689162,0.14171930989827,0.102919256496486,5,0.063378802131378,0.0460268907439759,0.221054025709952,0.0942964214471963,0.526939040433138,0.434885258945186,0.300706672552956,0.275818606342686,-0.0248880662102701,25.0878305426942,1.44628032053877e-05,3.69665779200177,0.274539495643283,Inf,"Welch Two Sample t-test","greater",0.275818606342686,0.480912149689162,0.0460268907439759
"140","PCC_9701","Xenic",9.6,27,"B7","X_9701_10P",0.16244010752071,0.430050615547082,0.138609110179509,0.0669552953687465,5,0.0619878785324282,0.0299433183796188,0.224427986053139,0.100452228988282,0.4599939339267,0.400107297167463,0.300706672552956,0.275818606342686,-0.0248880662102701,25.0878305426942,1.44628032053877e-05,3.69665779200177,0.274539495643283,Inf,"Welch Two Sample t-test","greater",0.275818606342686,0.430050615547082,0.0299433183796188
"141","PCC_9701","Xenic",18.7,20,"C4","X_9701_19P",0.221675460414996,0.47139546478198,0.321820475451481,0.0910248916907755,5,0.143922491932163,0.040707569093026,0.365597952347158,0.0777529684828329,0.512103033875006,0.430687895688954,0.337835173767293,0.312947107557023,-0.0248880662102701,9.13432248811743,0.00490432033781239,2.11707578271291,0.233803457682638,Inf,"Welch Two Sample t-test","greater",0.312947107557023,0.47139546478198,0.040707569093026
"142","PCC_9701","Xenic",18.7,23,"D7","X_9701_19P",0.296019005830998,0.677124177580946,0.186638573072253,0.368822587745571,5,0.0834673073226239,0.164942475567295,0.379486313153622,0.212551698508374,0.842066653148241,0.51218170201365,0.337835173767293,0.312947107557023,-0.0248880662102701,9.13432248811743,0.00490432033781239,2.11707578271291,0.233803457682638,Inf,"Welch Two Sample t-test","greater",0.312947107557023,0.677124177580946,0.164942475567295
"143","PCC_9701","Xenic",18.7,24,"B2","X_9701_19P",0.164111940555171,0.452777840931254,0.198916871236746,0.152732422617983,5,0.0889583291913873,0.0683040158684072,0.253070269746558,0.0751536113637835,0.521081856799662,0.384473825062847,0.337835173767293,0.312947107557023,-0.0248880662102701,9.13432248811743,0.00490432033781239,2.11707578271291,0.233803457682638,Inf,"Welch Two Sample t-test","greater",0.312947107557023,0.452777840931254,0.0683040158684072
"144","PCC_9701","Xenic",47.6,20,"D6","X_9701_48P",0.358537939215711,0.55919722488572,0.180205064025306,0.165469405383521,5,0.0805901546100571,0.0740001677268045,0.439128093825768,0.277947784605654,0.633197392612525,0.485197057158916,0.367338271441469,0.342450205231198,-0.0248880662102701,39.9056858145336,2.98218177614726e-09,6.43418435301569,0.349664848302902,Inf,"Welch Two Sample t-test","greater",0.342450205231198,0.55919722488572,0.0740001677268045
"145","PCC_9701","Xenic",47.6,23,"B3","X_9701_48P",0.315608538167226,0.527599354831523,0.246721546846176,0.0881879706621097,5,0.11033723005239,0.0394388594396469,0.425945768219615,0.205271308114836,0.56703821427117,0.488160495391876,0.367338271441469,0.342450205231198,-0.0248880662102701,39.9056858145336,2.98218177614726e-09,6.43418435301569,0.349664848302902,Inf,"Welch Two Sample t-test","greater",0.342450205231198,0.527599354831523,0.0394388594396469
"146","PCC_9701","Xenic",47.6,25,"E4","X_9701_48P",0.245967812123805,0.551626283789772,0.188244697749274,0.0929736127802821,5,0.0841855881142555,0.0415790636580908,0.330153400238061,0.16178222400955,0.593205347447863,0.510047220131681,0.367338271441469,0.342450205231198,-0.0248880662102701,39.9056858145336,2.98218177614726e-09,6.43418435301569,0.349664848302902,Inf,"Welch Two Sample t-test","greater",0.342450205231198,0.551626283789772,0.0415790636580908
"147","PCC_9701","Xenic",100,22,"C3","X_9701_100P",0.223704226032817,0.511263690561107,0.253519186540355,0.0930511434880857,5,0.113377226940937,0.0416137364446893,0.337081452973754,0.11032699909188,0.552877427005797,0.469649954116418,0.369330775420293,0.344442709210023,-0.0248880662102701,56.09603238137,7.98525477396482e-36,34.5469695563889,0.358202829620531,Inf,"Welch Two Sample t-test","greater",0.344442709210023,0.511263690561107,0.0416137364446893
"148","PCC_9701","Xenic",100,26,"C6","X_9701_100P",0.225092208185484,0.575964160707271,0.323941511769297,0.0730529644250686,5,0.144871048210039,0.0326702788824655,0.369963256395523,0.0802211599754452,0.608634439589737,0.543293881824806,0.369330775420293,0.344442709210023,-0.0248880662102701,56.09603238137,7.98525477396482e-36,34.5469695563889,0.358202829620531,Inf,"Welch Two Sample t-test","greater",0.344442709210023,0.575964160707271,0.0326702788824655
"149","PCC_9701","Xenic",100,27,"B4","X_9701_100P",0.221499067461811,0.858522716689604,0.393661017743566,0.393988718852729,5,0.176050559153273,0.176197111544551,0.397549626615083,0.0454485083085378,1.03471982823415,0.682325605145053,0.369330775420293,0.344442709210023,-0.0248880662102701,56.09603238137,7.98525477396482e-36,34.5469695563889,0.358202829620531,Inf,"Welch Two Sample t-test","greater",0.344442709210023,0.858522716689604,0.176197111544551
"150","PCC_9701","Xenic",171.1,21,"E7","X_9701_171P",0.288650190007563,0.496702023187849,0.0951208139051769,0.0871654459013022,5,0.0425393211934166,0.0389815724648784,0.33118951120098,0.246110868814147,0.535683595652727,0.45772045072297,0.392309783897353,0.367421717687083,-0.0248880662102701,32.2360520213835,6.94153596794528e-06,3.6193217708728,0.365561148342729,Inf,"Welch Two Sample t-test","greater",0.367421717687083,0.496702023187849,0.0389815724648784
"151","PCC_9701","Xenic",171.1,24,"E4","X_9701_171P",0.272226161511702,0.471714126517449,0.102895616705699,0.0755037411709475,5,0.0460163187081412,0.0337662995627576,0.318242480219843,0.226209842803561,0.505480426080206,0.437947826954691,0.392309783897353,0.367421717687083,-0.0248880662102701,32.2360520213835,6.94153596794528e-06,3.6193217708728,0.365561148342729,Inf,"Welch Two Sample t-test","greater",0.367421717687083,0.471714126517449,0.0337662995627576
"152","PCC_9701","Xenic",171.1,27,"B2","X_9701_171P",0.318171203928632,0.654121795675979,0.400407235181284,0.157589812141465,5,0.179067559309619,0.0704763065019477,0.497238763238252,0.139103644619013,0.724598102177926,0.583645489174031,0.392309783897353,0.367421717687083,-0.0248880662102701,32.2360520213835,6.94153596794528e-06,3.6193217708728,0.365561148342729,Inf,"Welch Two Sample t-test","greater",0.367421717687083,0.654121795675979,0.0704763065019477
"153","PCC_9701","Xenic",309.5,22,"B4","X_9701_310P",0.180295452045277,0.680174477675784,0.224726628453294,0.258136422816424,5,0.100500803515181,0.11544211777723,0.280796255560457,0.0797946485300962,0.795616595453014,0.564732359898554,0.401851960484315,0.376963894274045,-0.0248880662102701,40.6947161077476,3.89054836345296e-08,5.31310236850252,0.382209894318821,Inf,"Welch Two Sample t-test","greater",0.376963894274045,0.680174477675784,0.11544211777723
"154","PCC_9701","Xenic",309.5,25,"E7","X_9701_310P",0.369416892162151,0.584055328946026,0.291842292082302,0.0636176697786023,5,0.130515840761075,0.0284506868390177,0.499932732923226,0.238901051401076,0.612506015785044,0.555604642107008,0.401851960484315,0.376963894274045,-0.0248880662102701,40.6947161077476,3.89054836345296e-08,5.31310236850252,0.382209894318821,Inf,"Welch Two Sample t-test","greater",0.376963894274045,0.584055328946026,0.0284506868390177
"155","PCC_9701","Xenic",309.5,26,"D3","X_9701_310P",0.25242010907451,0.63213584143334,0.226414256860499,0.195130719519173,5,0.101255533883035,0.0872651106686631,0.353675642957545,0.151164575191475,0.719400952102003,0.544870730764677,0.401851960484315,0.376963894274045,-0.0248880662102701,40.6947161077476,3.89054836345296e-08,5.31310236850252,0.382209894318821,Inf,"Welch Two Sample t-test","greater",0.376963894274045,0.63213584143334,0.0872651106686631
"156","PCC_9701","Xenic",1551.6,24,"D7","X_9701_1551P",0.363442228473397,0.645130441583009,0.11108526143843,0.259405393958465,5,0.0496788391749333,0.116009618924248,0.413121067648331,0.313763389298464,0.761140060507257,0.529120822658761,0.399944594226262,0.375056528015991,-0.0248880662102701,55.6387472321261,3.81164016692753e-24,20.4952486597755,0.387561424466952,Inf,"Welch Two Sample t-test","greater",0.375056528015991,0.645130441583009,0.116009618924248
"157","PCC_9701","Xenic",1551.6,26,"B4","X_9701_1551P",0.231325578085891,0.656509369321597,0.201221856793564,0.144848387164815,5,0.0899891500698272,0.0647781680263467,0.321314728155718,0.141336428016064,0.721287537347944,0.591731201295251,0.399944594226262,0.375056528015991,-0.0248880662102701,55.6387472321261,3.81164016692753e-24,20.4952486597755,0.387561424466952,Inf,"Welch Two Sample t-test","greater",0.375056528015991,0.656509369321597,0.0647781680263467
"158","PCC_9701","Xenic",1551.6,28,"B2","X_9701_1551P",0.264802313113765,0.77286755509973,0.205681945774649,0.123592964682395,5,0.0919837624993082,0.055272454114113,0.356786075613073,0.172818550614457,0.828140009213843,0.717595100985617,0.399944594226262,0.375056528015991,-0.0248880662102701,55.6387472321261,3.81164016692753e-24,20.4952486597755,0.387561424466952,Inf,"Welch Two Sample t-test","greater",0.375056528015991,0.77286755509973,0.055272454114113
"159","PCC_9701","Xenic",3030,21,"E5","X_9701_3030P",0.30903932386492,0.641662954602712,0.173018870612954,0.0604998857274155,5,0.0773763912161611,0.0270563714234941,0.386415715081081,0.231662932648759,0.668719326026206,0.614606583179218,0.400774351350604,0.375886285140333,-0.0248880662102701,24.4023649855286,0.000146234403173692,2.71463874669931,0.360409710395761,Inf,"Welch Two Sample t-test","greater",0.375886285140333,0.641662954602712,0.0270563714234941
"160","PCC_9701","Xenic",3030,25,"C2","X_9701_3030P",0.338648758084034,0.662221982038943,0.201211850452349,0.0907974803074051,5,0.0899846750979948,0.0406058676306113,0.428633433182028,0.248664082986039,0.702827849669555,0.621616114408332,0.400774351350604,0.375886285140333,-0.0248880662102701,24.4023649855286,0.000146234403173692,2.71463874669931,0.360409710395761,Inf,"Welch Two Sample t-test","greater",0.375886285140333,0.662221982038943,0.0406058676306113
"161","PCC_9701","Xenic",3030,28,"B7","X_9701_3030P",0.194795797492372,0.694190303412918,0.235719278237247,0.240305951555663,5,0.105416865949134,0.107468088615247,0.300212663441506,0.0893789315432372,0.801658392028165,0.586722214797671,0.400774351350604,0.375886285140333,-0.0248880662102701,24.4023649855286,0.000146234403173692,2.71463874669931,0.360409710395761,Inf,"Welch Two Sample t-test","greater",0.375886285140333,0.694190303412918,0.107468088615247
"162","WT_7806","Axenic",1.1,20,"D3","A_WT_1P",0.112076532213096,0.543480017643481,0.229241014663088,0.395334704537372,5,0.102519698403538,0.176799054642072,0.214596230616634,0.00955683380955744,0.720279072285553,0.36668096300141,0.140275034755771,0.115386968545501,-0.0248880662102701,16.1616794312311,1.34702783112676e-07,7.83399913449702,0.124090668989156,Inf,"Welch Two Sample t-test","greater",0.115386968545501,0.543480017643481,0.176799054642072
"163","WT_7806","Axenic",1.1,22,"E6","A_WT_1P",0.0697789733180955,0.320868237725292,0.285001067705738,0.0436943709182785,5,0.12745635221001,0.0195407167214721,0.197235325528105,-0.0576773788919145,0.340408954446764,0.30132752100382,0.140275034755771,0.115386968545501,-0.0248880662102701,16.1616794312311,1.34702783112676e-07,7.83399913449702,0.124090668989156,Inf,"Welch Two Sample t-test","greater",0.115386968545501,0.320868237725292,0.0195407167214721
"164","WT_7806","Axenic",1.1,28,"E5","A_WT_1P",0.0271127586911966,0.292612719034013,0.171881242537758,0.13843941607484,5,0.0768676284743111,0.061911989021744,0.103980387165508,-0.0497548697831145,0.354524708055757,0.230700730012269,0.140275034755771,0.115386968545501,-0.0248880662102701,16.1616794312311,1.34702783112676e-07,7.83399913449702,0.124090668989156,Inf,"Welch Two Sample t-test","greater",0.115386968545501,0.292612719034013,0.061911989021744
"165","WT_7806","Axenic",9.6,21,"C3","A_WT_10P",0.059592704634349,0.547891776016436,0.172344764605049,0.154080126147081,5,0.0770749218446177,0.068906727209323,0.136667626478967,-0.0174822172102687,0.616798503225759,0.478985048807113,0.339344275172773,0.314456208962503,-0.0248880662102701,51.2069388075097,8.70226847324555e-34,33.6184126693138,0.328135093039337,Inf,"Welch Two Sample t-test","greater",0.314456208962503,0.547891776016436,0.068906727209323
"166","WT_7806","Axenic",9.6,23,"B4","A_WT_10P",0.22408164576875,0.542376978882218,0.244369139869251,0.10937146206004,5,0.10928520167016,0.0489124047929577,0.33336684743891,0.11479644409859,0.591289383675175,0.49346457408926,0.339344275172773,0.314456208962503,-0.0248880662102701,51.2069388075097,8.70226847324555e-34,33.6184126693138,0.328135093039337,Inf,"Welch Two Sample t-test","greater",0.314456208962503,0.542376978882218,0.0489124047929577
"167","WT_7806","Axenic",9.6,27,"D7","A_WT_10P",0.190560531361951,0.624786957263015,0.269635740011771,0.271871670436821,5,0.120584768765956,0.12158470725063,0.311145300127907,0.0699757625959952,0.746371664513645,0.503202250012385,0.339344275172773,0.314456208962503,-0.0248880662102701,51.2069388075097,8.70226847324555e-34,33.6184126693138,0.328135093039337,Inf,"Welch Two Sample t-test","greater",0.314456208962503,0.624786957263015,0.12158470725063
"168","WT_7806","Axenic",18.7,20,"D5","A_WT_19P",0.13774728815951,0.628029230316691,0.0642099552114556,0.163972190504823,5,0.0287155649370063,0.073330592877666,0.166462853096516,0.109031723222503,0.701359823194357,0.554698637439025,0.377204124383428,0.352316058173158,-0.0248880662102701,46.4066816212327,1.4279602626837e-13,10.2686957678673,0.362511045176269,Inf,"Welch Two Sample t-test","greater",0.352316058173158,0.628029230316691,0.073330592877666
"169","WT_7806","Axenic",18.7,23,"E7","A_WT_19P",0.323237941547457,0.576558891324339,0.177507252416239,0.138678138931387,5,0.0793836565803851,0.0620187491287483,0.402621598127842,0.243854284967072,0.638577640453088,0.514540142195591,0.377204124383428,0.352316058173158,-0.0248880662102701,46.4066816212327,1.4279602626837e-13,10.2686957678673,0.362511045176269,Inf,"Welch Two Sample t-test","greater",0.352316058173158,0.576558891324339,0.0620187491287483
"170","WT_7806","Axenic",18.7,24,"D3","A_WT_19P",0.288136901841964,0.617204783470244,0.203836754971758,0.125587827587812,5,0.091158568085964,0.0561645839265743,0.379295469927928,0.196978333756,0.673369367396818,0.56104019954367,0.377204124383428,0.352316058173158,-0.0248880662102701,46.4066816212327,1.4279602626837e-13,10.2686957678673,0.362511045176269,Inf,"Welch Two Sample t-test","greater",0.352316058173158,0.617204783470244,0.0561645839265743
"171","WT_7806","Axenic",47.6,20,"E6","A_WT_48P",0.383584072028919,0.568944706069414,0.06465019212129,0.226094287594451,5,0.0289124448683252,0.101112439277116,0.412496516897244,0.354671627160594,0.67005714534653,0.467832266792298,0.401306158039443,0.376418091829173,-0.0248880662102701,54.7419347661443,7.89097123630414e-22,18.0612370636873,0.388596292986302,Inf,"Welch Two Sample t-test","greater",0.376418091829173,0.568944706069414,0.101112439277116
"172","WT_7806","Axenic",47.6,23,"D2","A_WT_48P",0.240258553173129,0.486979472867571,0.314952289945123,0.0291614427957813,5,0.140850945997303,0.0130413936826677,0.381109499170433,0.0994076071758259,0.500020866550238,0.473938079184903,0.401306158039443,0.376418091829173,-0.0248880662102701,54.7419347661443,7.89097123630414e-22,18.0612370636873,0.388596292986302,Inf,"Welch Two Sample t-test","greater",0.376418091829173,0.486979472867571,0.0130413936826677
"173","WT_7806","Axenic",47.6,25,"C5","A_WT_48P",0.14801256784235,0.479113974600588,0.456378593329598,0.0761434338085308,5,0.204098711632143,0.0340523788072261,0.352111279474493,-0.0560861437897922,0.513166353407814,0.445061595793362,0.401306158039443,0.376418091829173,-0.0248880662102701,54.7419347661443,7.89097123630414e-22,18.0612370636873,0.388596292986302,Inf,"Welch Two Sample t-test","greater",0.376418091829173,0.479113974600588,0.0340523788072261
"174","WT_7806","Axenic",100,22,"D3","A_WT_100P",0.208142277736574,0.593730471893802,0.238288626247323,0.104262740380344,5,0.106565913310811,0.0466277150021721,0.314708191047385,0.101576364425763,0.640358186895975,0.54710275689163,0.418690881692526,0.393802815482256,-0.0248880662102701,62.0966946097573,3.14898315111214e-34,30.8006222217597,0.407256460103161,Inf,"Welch Two Sample t-test","greater",0.393802815482256,0.593730471893802,0.0466277150021721
"175","WT_7806","Axenic",100,26,"D7","A_WT_100P",0.221952397402003,0.532458983227415,0.239850701639843,0.102803797505258,5,0.107264494663542,0.0459752559133758,0.329216892065545,0.114687902738461,0.578434239140791,0.486483727314039,0.418690881692526,0.393802815482256,-0.0248880662102701,62.0966946097573,3.14898315111214e-34,30.8006222217597,0.407256460103161,Inf,"Welch Two Sample t-test","greater",0.393802815482256,0.532458983227415,0.0459752559133758
"176","WT_7806","Axenic",100,27,"E5","A_WT_100P",0.251135815587721,0.527406650383887,0.223927560746974,0.0819885204154983,5,0.100143449573189,0.0366663810047367,0.351279265160911,0.150992366014532,0.564073031388623,0.49074026937915,0.418690881692526,0.393802815482256,-0.0248880662102701,62.0966946097573,3.14898315111214e-34,30.8006222217597,0.407256460103161,Inf,"Welch Two Sample t-test","greater",0.393802815482256,0.527406650383887,0.0366663810047367
"177","WT_7806","Axenic",171.1,21,"E6","A_WT_171P",0.154181715094486,0.589018499288021,0.231200024754905,0.133508242946048,5,0.10339579435032,0.0597067013567842,0.257577509444806,0.0507859207441651,0.648725200644805,0.529311797931237,0.416298388377322,0.391410322167052,-0.0248880662102701,52.3118921400532,3.35153185419024e-15,11.3602273760384,0.402048082257748,Inf,"Welch Two Sample t-test","greater",0.391410322167052,0.589018499288021,0.0597067013567842
"178","WT_7806","Axenic",171.1,24,"B4","A_WT_171P",0.19430570975451,0.600914782020209,0.221485794221098,0.120181677076748,5,0.0990514583857809,0.0537468799187074,0.293357168140291,0.0952542513687295,0.654661661938916,0.547167902101502,0.416298388377322,0.391410322167052,-0.0248880662102701,52.3118921400532,3.35153185419024e-15,11.3602273760384,0.402048082257748,Inf,"Welch Two Sample t-test","greater",0.391410322167052,0.600914782020209,0.0537468799187074
"179","WT_7806","Axenic",171.1,27,"C3","A_WT_171P",0.144500887810147,0.55351036779619,0.259473360618245,0.0954531619013464,5,0.116040014538543,0.0426879517357407,0.26054090234869,0.0284608732716042,0.59619831953193,0.510822416060449,0.416298388377322,0.391410322167052,-0.0248880662102701,52.3118921400532,3.35153185419024e-15,11.3602273760384,0.402048082257748,Inf,"Welch Two Sample t-test","greater",0.391410322167052,0.55351036779619,0.0426879517357407
"180","WT_7806","Axenic",309.5,22,"C4","A_WT_310P",0.0866393719292571,0.509581599076638,0.30288410553952,0.140377438167516,5,0.135453889858118,0.0627786988499677,0.222093261787375,-0.0488145179288605,0.572360297926606,0.44680290022667,0.4039651063937,0.37907704018343,-0.0248880662102701,30.6056190698153,1.93067466713902e-05,3.27552371329683,0.373939721201765,Inf,"Welch Two Sample t-test","greater",0.37907704018343,0.509581599076638,0.0627786988499677
"181","WT_7806","Axenic",309.5,25,"D6","A_WT_310P",0.26657440612648,0.483298825309721,0.199700634709155,0.0514795501615749,5,0.089308838871905,0.0230223547224784,0.355883244998385,0.177265567254575,0.5063211800322,0.460276470587243,0.4039651063937,0.37907704018343,-0.0248880662102701,30.6056190698153,1.93067466713902e-05,3.27552371329683,0.373939721201765,Inf,"Welch Two Sample t-test","greater",0.37907704018343,0.483298825309721,0.0230223547224784
"182","WT_7806","Axenic",309.5,26,"B2","A_WT_310P",0.140621142343809,0.54534132732985,0.251778713872008,0.0895156633816106,5,0.112598863901056,0.040032621674454,0.253220006244865,0.0280222784427533,0.585373949004304,0.505308705655396,0.4039651063937,0.37907704018343,-0.0248880662102701,30.6056190698153,1.93067466713902e-05,3.27552371329683,0.373939721201765,Inf,"Welch Two Sample t-test","greater",0.37907704018343,0.54534132732985,0.040032621674454
"183","WT_7806","Axenic",1551.6,24,"C6","A_WT_1551P",0.247472842098213,0.485168157338443,0.0529767754960726,0.104588083407643,5,0.0236919342475927,0.0467732128271814,0.271164776345806,0.223780907850621,0.531941370165624,0.438394944511261,0.385591509696931,0.360703443486661,-0.0248880662102701,36.4674759457127,4.13923520545255e-07,4.56770180033088,0.363831625588902,Inf,"Welch Two Sample t-test","greater",0.360703443486661,0.485168157338443,0.0467732128271814
"184","WT_7806","Axenic",1551.6,26,"C5","A_WT_1551P",0.285645382558387,0.540482468943426,0.191433199734765,0.0914955456683544,5,0.085611529551446,0.0409180519505754,0.371256912109833,0.200033853006941,0.581400520894001,0.499564416992851,0.385591509696931,0.360703443486661,-0.0248880662102701,36.4674759457127,4.13923520545255e-07,4.56770180033088,0.363831625588902,Inf,"Welch Two Sample t-test","greater",0.360703443486661,0.540482468943426,0.0409180519505754
"185","WT_7806","Axenic",1551.6,28,"C3","A_WT_1551P",0.175587591816391,0.462854749860039,0.279006699442281,0.0594224926362894,5,0.124775589226158,0.0265745465854448,0.300363181042549,0.0508120025902326,0.489429296445484,0.436280203274594,0.385591509696931,0.360703443486661,-0.0248880662102701,36.4674759457127,4.13923520545255e-07,4.56770180033088,0.363831625588902,Inf,"Welch Two Sample t-test","greater",0.360703443486661,0.462854749860039,0.0265745465854448
"186","WT_7806","Axenic",3030,21,"E4","A_WT_3030P",0.278951219469396,0.509907626955546,0.198616156087864,0.0681931925065032,5,0.0888238452884347,0.0304969228094541,0.367775064757831,0.190127374180962,0.540404549765,0.479410704146092,0.422058653249899,0.397170587039629,-0.0248880662102701,39.8537422358948,2.86359498381356e-07,4.55342396068486,0.400247784536206,Inf,"Welch Two Sample t-test","greater",0.397170587039629,0.509907626955546,0.0304969228094541
"187","WT_7806","Axenic",3030,25,"E2","A_WT_3030P",0.204772760832614,0.571354034169061,0.264924404917841,0.12257072604037,5,0.118477795658994,0.0548152950955541,0.323250556491608,0.0862949651736199,0.626169329264616,0.516538739073507,0.422058653249899,0.397170587039629,-0.0248880662102701,39.8537422358948,2.86359498381356e-07,4.55342396068486,0.400247784536206,Inf,"Welch Two Sample t-test","greater",0.397170587039629,0.571354034169061,0.0548152950955541
"188","WT_7806","Axenic",3030,28,"D7","A_WT_3030P",0.29666410213711,0.588350119425168,0.414899849594414,0.270637028284771,5,0.18554885350951,0.121032558494656,0.48221295564662,0.111115248627601,0.709382677919824,0.467317560930511,0.422058653249899,0.397170587039629,-0.0248880662102701,39.8537422358948,2.86359498381356e-07,4.55342396068486,0.400247784536206,Inf,"Welch Two Sample t-test","greater",0.397170587039629,0.588350119425168,0.121032558494656
"189","WT_7806","Xenic",1.1,20,"C3","X_WT_1P",0.00332311116412257,0.520114552006372,0.433597271725187,0.18242599715485,5,0.193910594887193,0.0815833861002856,0.197233706051316,-0.19058748372307,0.601697938106658,0.438531165906087,0.133986659777187,0.109098593566917,-0.0248880662102701,12.6375458632789,5.16765456174493e-05,4.54312561673265,0.112138708197679,Inf,"Welch Two Sample t-test","greater",0.109098593566917,0.520114552006372,0.0815833861002856
"190","WT_7806","Xenic",1.1,22,"D6","X_WT_1P",0.165645423371111,0.327027430959827,0.182036526105958,0.131001093349852,5,0.0814092093521676,0.058585469971413,0.247054632723279,0.0842362140189439,0.38561290093124,0.268441960988414,0.133986659777187,0.109098593566917,-0.0248880662102701,12.6375458632789,5.16765456174493e-05,4.54312561673265,0.112138708197679,Inf,"Welch Two Sample t-test","greater",0.109098593566917,0.327027430959827,0.058585469971413
"191","WT_7806","Xenic",1.1,28,"E4","X_WT_1P",-0.0317539773406623,0.468616006569371,0.173602239158724,0.0858591447138447,5,0.0776372815610166,0.0383973768140297,0.0458833042203544,-0.109391258901679,0.5070133833834,0.430218629755341,0.133986659777187,0.109098593566917,-0.0248880662102701,12.6375458632789,5.16765456174493e-05,4.54312561673265,0.112138708197679,Inf,"Welch Two Sample t-test","greater",0.109098593566917,0.468616006569371,0.0383973768140297
"192","WT_7806","Xenic",9.6,21,"B2","X_WT_10P",0.264057805769404,0.543560021546123,0.218199875245595,0.284745854085207,5,0.0975819507462248,0.127342217209152,0.361639756515629,0.16647585502318,0.670902238755275,0.416217804336971,0.317739419621558,0.292851353411288,-0.0248880662102701,31.0022807592531,4.32677382696556e-07,4.8754661309704,0.296970281213538,Inf,"Welch Two Sample t-test","greater",0.292851353411288,0.543560021546123,0.127342217209152
"193","WT_7806","Xenic",9.6,23,"C5","X_WT_10P",0.217183374119315,0.526053925183962,0.405720643636643,0.0991041886152341,5,0.1814437878093,0.0443207405197248,0.398627161928615,0.0357395863100144,0.570374665703687,0.481733184664237,0.317739419621558,0.292851353411288,-0.0248880662102701,31.0022807592531,4.32677382696556e-07,4.8754661309704,0.296970281213538,Inf,"Welch Two Sample t-test","greater",0.292851353411288,0.526053925183962,0.0443207405197248
"194","WT_7806","Xenic",9.6,27,"C7","X_WT_10P",0.208753557666843,0.499068773801622,0.208473280004943,0.0959167024950711,5,0.09323208511668,0.0428952533913205,0.301985642783523,0.115521472550163,0.541964027192943,0.456173520410302,0.317739419621558,0.292851353411288,-0.0248880662102701,31.0022807592531,4.32677382696556e-07,4.8754661309704,0.296970281213538,Inf,"Welch Two Sample t-test","greater",0.292851353411288,0.499068773801622,0.0428952533913205
"195","WT_7806","Xenic",18.7,20,"D4","X_WT_19P",0.20384280031587,0.501459219860145,0.215439952715921,0.0357175942324466,5,0.0963476758684281,0.015973393739301,0.300190476184298,0.107495124447442,0.517432613599446,0.485485826120844,0.350546834643438,0.325658768433168,-0.0248880662102701,42.5455684244613,1.2860953213937e-12,9.66045390957557,0.335559936622028,Inf,"Welch Two Sample t-test","greater",0.325658768433168,0.501459219860145,0.015973393739301
"196","WT_7806","Xenic",18.7,23,"E6","X_WT_19P",0.289447928231068,0.506315594402087,0.163716269310381,0.0955454075839856,5,0.0732161414401349,0.0427292052591431,0.362664069671202,0.216231786790933,0.54904479966123,0.463586389142943,0.350546834643438,0.325658768433168,-0.0248880662102701,42.5455684244613,1.2860953213937e-12,9.66045390957557,0.335559936622028,Inf,"Welch Two Sample t-test","greater",0.325658768433168,0.506315594402087,0.0427292052591431
"197","WT_7806","Xenic",18.7,24,"C3","X_WT_19P",0.188958232797352,0.520414790382316,0.183702228612685,0.111128134488712,5,0.0821541341592343,0.0496980125858999,0.271112366956586,0.106804098638117,0.570112802968216,0.470716777796416,0.350546834643438,0.325658768433168,-0.0248880662102701,42.5455684244613,1.2860953213937e-12,9.66045390957557,0.335559936622028,Inf,"Welch Two Sample t-test","greater",0.325658768433168,0.520414790382316,0.0496980125858999
"198","WT_7806","Xenic",47.6,20,"B6","X_WT_48P",0.308168045213832,0.530670471959853,0.288174122197464,0.0791809608072993,5,0.128875385317972,0.0354108021777736,0.437043430531804,0.17929265989586,0.566081274137626,0.495259669782079,0.383926092878525,0.359038026668255,-0.0248880662102701,39.6719069230833,2.27781333498985e-08,5.59011670851939,0.364871061066921,Inf,"Welch Two Sample t-test","greater",0.359038026668255,0.530670471959853,0.0354108021777736
"199","WT_7806","Xenic",47.6,23,"C2","X_WT_48P",0.146222978376641,0.479378122143182,0.35040554745561,0.0740282150152184,5,0.156706124760754,0.0331064242053998,0.302929103137396,-0.0104831463841133,0.512484546348582,0.446271697937782,0.383926092878525,0.359038026668255,-0.0248880662102701,39.6719069230833,2.27781333498985e-08,5.59011670851939,0.364871061066921,Inf,"Welch Two Sample t-test","greater",0.359038026668255,0.479378122143182,0.0331064242053998
"200","WT_7806","Xenic",47.6,25,"D4","X_WT_48P",0.211716568263037,0.548782887048186,0.205054068234031,0.141929776952962,5,0.0917029671268347,0.0634729258596413,0.303419535389871,0.120013601136202,0.612255812907827,0.485309961188544,0.383926092878525,0.359038026668255,-0.0248880662102701,39.6719069230833,2.27781333498985e-08,5.59011670851939,0.364871061066921,Inf,"Welch Two Sample t-test","greater",0.359038026668255,0.548782887048186,0.0634729258596413
"201","WT_7806","Xenic",100,22,"C2","X_WT_100P",0.205855226762299,0.612418310044096,0.133002251109431,0.211882172724193,5,0.0594804149282368,0.0947565882863295,0.265335641690536,0.146374811834062,0.707174898330426,0.517661721757767,0.420316358124128,0.395428291913858,-0.0248880662102701,19.6472213455218,0.000541910371198474,2.38190578162196,0.364170736657913,Inf,"Welch Two Sample t-test","greater",0.395428291913858,0.612418310044096,0.0947565882863295
"202","WT_7806","Xenic",100,26,"B6","X_WT_100P",0.157770153903574,0.557777234209547,0.270393773419572,0.18620236270005,5,0.120923771611768,0.0832722281136767,0.278693925515342,0.0368463822918062,0.641049462323223,0.47450500609587,0.420316358124128,0.395428291913858,-0.0248880662102701,19.6472213455218,0.000541910371198474,2.38190578162196,0.364170736657913,Inf,"Welch Two Sample t-test","greater",0.395428291913858,0.557777234209547,0.0832722281136767
"203","WT_7806","Xenic",100,27,"E4","X_WT_100P",0.146481346767836,0.564185303881801,0.18100964800674,0.0728698327808031,5,0.0809499755052761,0.0325883799213837,0.227431322273112,0.0655313712625596,0.596773683803185,0.531596923960418,0.420316358124128,0.395428291913858,-0.0248880662102701,19.6472213455218,0.000541910371198474,2.38190578162196,0.364170736657913,Inf,"Welch Two Sample t-test","greater",0.395428291913858,0.564185303881801,0.0325883799213837
"204","WT_7806","Xenic",171.1,21,"C7","X_WT_171P",0.125083189303897,0.516737961418906,0.298320273675767,0.0582501724760093,5,0.133412882201071,0.0260502690714888,0.258496071504968,-0.00832969289717439,0.542788230490395,0.490687692347417,0.413085073816373,0.388197007606103,-0.0248880662102701,51.3385401453054,1.60421777875014e-14,10.767682306968,0.398606270696525,Inf,"Welch Two Sample t-test","greater",0.388197007606103,0.516737961418906,0.0260502690714888
"205","WT_7806","Xenic",171.1,24,"D5","X_WT_171P",0.141471643691119,0.584968158330517,0.188376207879756,0.237557608908701,5,0.0842444012325534,0.106238992418433,0.225716044923673,0.057227242458566,0.69120715074895,0.478729165912084,0.413085073816373,0.388197007606103,-0.0248880662102701,51.3385401453054,1.60421777875014e-14,10.767682306968,0.398606270696525,Inf,"Welch Two Sample t-test","greater",0.388197007606103,0.584968158330517,0.106238992418433
"206","WT_7806","Xenic",171.1,27,"C2","X_WT_171P",0.248062038939791,0.484236880044603,0.201194198191146,0.0470127869962982,5,0.0899767807667935,0.0210247575070882,0.338038819706585,0.158085258172998,0.505261637551691,0.463212122537515,0.413085073816373,0.388197007606103,-0.0248880662102701,51.3385401453054,1.60421777875014e-14,10.767682306968,0.398606270696525,Inf,"Welch Two Sample t-test","greater",0.388197007606103,0.484236880044603,0.0210247575070882
"207","WT_7806","Xenic",309.5,22,"E4","X_WT_310P",0.172720791080016,0.727410474954688,0.120465885340494,0.362487375453255,5,0.0538739817182082,0.162109282499793,0.226594772798224,0.118846809361808,0.889519757454481,0.565301192454895,0.440224827290247,0.415336761079977,-0.0248880662102701,69.9398824332013,6.89168500529215e-41,36.6174781871035,0.429602851259083,Inf,"Welch Two Sample t-test","greater",0.415336761079977,0.727410474954688,0.162109282499793
"208","WT_7806","Xenic",309.5,25,"C6","X_WT_310P",0.19042492008462,0.732091356836839,0.140038814976744,0.523235369817558,5,0.062627261955303,0.23399797102886,0.253052182039923,0.127797658129317,0.966089327865699,0.498093385807979,0.440224827290247,0.415336761079977,-0.0248880662102701,69.9398824332013,6.89168500529215e-41,36.6174781871035,0.429602851259083,Inf,"Welch Two Sample t-test","greater",0.415336761079977,0.732091356836839,0.23399797102886
"209","WT_7806","Xenic",309.5,26,"E3","X_WT_310P",0.370899039294925,0.581955942610848,0.180078417888008,0.112482899843485,5,0.0805335167356398,0.0503038820712666,0.451432556030565,0.290365522559285,0.632259824682114,0.531652060539581,0.440224827290247,0.415336761079977,-0.0248880662102701,69.9398824332013,6.89168500529215e-41,36.6174781871035,0.429602851259083,Inf,"Welch Two Sample t-test","greater",0.415336761079977,0.581955942610848,0.0503038820712666
"210","WT_7806","Xenic",1551.6,24,"D6","X_WT_1551P",0.130277923721318,0.510078618620206,0.177474705290311,0.138899966213257,5,0.0793691010631752,0.0621179533050535,0.209647024784493,0.0509088226581427,0.572196571925259,0.447960665315152,0.41832179889232,0.39343373268205,-0.0248880662102701,40.2955026735802,1.68733684796343e-07,4.7429278977416,0.397149789093312,Inf,"Welch Two Sample t-test","greater",0.39343373268205,0.510078618620206,0.0621179533050535
"211","WT_7806","Xenic",1551.6,26,"C4","X_WT_1551P",0.372155918206674,0.595579842273388,0.138879736250812,0.149110574564279,5,0.0621089061908114,0.0666842761779556,0.434264824397485,0.310047012015862,0.662264118451344,0.528895566095433,0.41832179889232,0.39343373268205,-0.0248880662102701,40.2955026735802,1.68733684796343e-07,4.7429278977416,0.397149789093312,Inf,"Welch Two Sample t-test","greater",0.39343373268205,0.595579842273388,0.0666842761779556
"212","WT_7806","Xenic",1551.6,28,"C2","X_WT_1551P",0.243902183091724,0.589397797944335,0.155413889301374,0.160735281277527,5,0.0695032042251001,0.0718830030638198,0.313405387316824,0.174398978866624,0.661280801008155,0.517514794880515,0.41832179889232,0.39343373268205,-0.0248880662102701,40.2955026735802,1.68733684796343e-07,4.7429278977416,0.397149789093312,Inf,"Welch Two Sample t-test","greater",0.39343373268205,0.589397797944335,0.0718830030638198
"213","WT_7806","Xenic",3030,21,"B4","X_WT_3030P",0.304173774667266,0.518096100641243,0.129480696065444,0.0677296378763348,5,0.0579055276352645,0.0302896148765858,0.362079302302531,0.246268247032002,0.548385715517829,0.487806485764657,0.432199909968025,0.407311843757754,-0.0248880662102701,41.9230945666402,1.16803285158899e-07,4.81369694574816,0.411247140352684,Inf,"Welch Two Sample t-test","greater",0.407311843757754,0.518096100641243,0.0302896148765858
"214","WT_7806","Xenic",3030,25,"B2","X_WT_3030P",0.0755779452732259,0.519596219794453,0.406949920236527,0.0555745620883289,5,0.181993537017398,0.0248536997298572,0.257571482290624,-0.106415591744172,0.54444991952431,0.494742520064596,0.432199909968025,0.407311843757754,-0.0248880662102701,41.9230945666402,1.16803285158899e-07,4.81369694574816,0.411247140352684,Inf,"Welch Two Sample t-test","greater",0.407311843757754,0.519596219794453,0.0248536997298572
"215","WT_7806","Xenic",3030,28,"C7","X_WT_3030P",0.210061042489227,0.513841148612364,0.13845233897263,0.0867508097079372,5,0.0619177683173286,0.0387961415220192,0.271978810806556,0.148143274171899,0.552637290134384,0.475045007090345,0.432199909968025,0.407311843757754,-0.0248880662102701,41.9230945666402,1.16803285158899e-07,4.81369694574816,0.411247140352684,Inf,"Welch Two Sample t-test","greater",0.407311843757754,0.513841148612364,0.0387961415220192
